年份,地块名,地块类型,季次,季次编号,作物编号,作物名称,作物类型,替代组,统计季次,种植面积/亩,鲁棒亩产量/斤每亩,亩成本/元,鲁棒售价/元每斤,鲁棒需求/斤
2024,A1,平旱地,第一季,1,7,玉米,粮食,主粮,单季,80.0,942.721473122801,533.4046583814458,2.97222396887386,140482.10779265375
2024,A2,平旱地,第一季,1,1,黄豆,粮食（豆类）,豆类粮食,单季,55.0,377.61598121270737,427.91651331879683,3.220267380927674,55180.659023726934
2024,A3,平旱地,第一季,1,14,莜麦,粮食,杂粮薯类,单季,35.0,397.4875119338397,426.92697323249024,5.456966948396285,13531.889530547209
2024,A4,平旱地,第一季,1,6,小麦,粮食,主粮,单季,72.0,757.9544014851698,480.75484395324463,3.464652807662425,180882.6806301052
2024,A5,平旱地,第一季,1,7,玉米,粮食,主粮,单季,68.0,942.721473122801,533.4046583814458,2.97222396887386,140482.10779265375
2024,A6,平旱地,第一季,1,6,小麦,粮食,主粮,单季,55.0,757.9544014851698,480.75484395324463,3.464652807662425,180882.6806301052
2024,B1,梯田,第一季,1,3,红豆,粮食（豆类）,豆类粮食,单季,60.0,357.34217139083785,373.87995533739274,8.169300681130904,21785.454627284973
2024,B2,梯田,第一季,1,6,小麦,粮食,主粮,单季,46.0,716.8949699166704,480.2667786384018,3.464652807662425,180882.6806301052
2024,B3,梯田,第一季,1,8,谷子,粮食,杂粮薯类,单季,40.0,359.5722290219957,384.28507484732785,6.686298954175946,69151.35387515622
2024,B4,梯田,第一季,1,9,高粱,粮食,杂粮薯类,单季,28.0,563.6861735845226,426.95348858529155,5.946957776591104,29045.409551098714
2024,B5,梯田,第一季,1,10,黍子,粮食,杂粮薯类,单季,25.0,474.8084208149119,384.31177071632777,7.435892144501732,12090.142375611447
2024,B6,梯田,第一季,1,4,绿豆,粮食（豆类）,豆类粮食,单季,86.0,312.9916696109201,373.90898832962927,6.937473102786379,32082.14207167914
2024,B7,梯田,第一季,1,8,谷子,粮食,杂粮薯类,单季,55.0,359.5722290219957,384.28507484732785,6.686298954175946,69151.35387515622
2024,B8,梯田,第一季,1,1,黄豆,粮食（豆类）,豆类粮食,单季,44.0,356.71812519488503,427.18816570333746,3.220267380927674,55180.659023726934
2024,B9,梯田,第一季,1,2,黑豆,粮食（豆类）,豆类粮食,单季,50.0,450.00903628374476,427.14502278599497,7.432506806376514,21265.10183673859
2024,B10,梯田,第一季,1,9,高粱,粮食,杂粮薯类,单季,25.0,563.6861735845226,426.95348858529155,5.946957776591104,29045.409551098714
2024,B11,梯田,第一季,1,8,谷子,粮食,杂粮薯类,单季,60.0,359.5722290219957,384.28507484732785,6.686298954175946,69151.35387515622
2024,B12,梯田,第一季,1,8,谷子,粮食,杂粮薯类,单季,45.0,359.5722290219957,384.28507484732785,6.686298954175946,69151.35387515622
2024,B13,梯田,第一季,1,6,小麦,粮食,主粮,单季,35.0,716.8949699166704,480.2667786384018,3.464652807662425,180882.6806301052
2024,B14,梯田,第一季,1,13,红薯,粮食,杂粮薯类,单季,20.0,1988.4410604006005,2133.8864206807825,3.220934007408846,34965.43043187864
2024,C1,山坡地,第一季,1,1,黄豆,粮食（豆类）,豆类粮食,单季,15.0,338.16581470933517,427.31829131392954,3.220267380927674,55180.659023726934
2024,C2,山坡地,第一季,1,2,黑豆,粮食（豆类）,豆类粮食,单季,13.0,425.5775737134785,427.8716120791754,7.432506806376514,21265.10183673859
2024,C3,山坡地,第一季,1,11,荞麦,粮食,杂粮薯类,单季,15.0,94.00641944984366,373.44611138205255,39.659607119001045,1455.429138269514
2024,C4,山坡地,第一季,1,4,绿豆,粮食（豆类）,豆类粮食,单季,18.0,299.6452943961736,373.7235494226089,6.937473102786379,32082.14207167914
2024,C5,山坡地,第一季,1,5,爬豆,粮食（豆类）,豆类粮食,单季,27.0,352.42568159499825,374.0296702899314,6.679531014726605,9561.003161433358
2024,C6,山坡地,第一季,1,15,大麦,粮食,杂粮薯类,单季,20.0,446.10612550657635,373.8573545508093,3.4693930010006806,9665.321525578354
2024,D1,水浇地,第一季,1,16,水稻,粮食,主粮,单季,15.0,473.29282823417964,725.9203896171383,6.932628121007025,20354.662301755958
2024,D2,水浇地,第一季,1,20,土豆,蔬菜,第一季蔬菜,第一季,10.0,1883.0959036327886,2137.993446123859,4.07525923977029,29188.164925007866
2024,D2,水浇地,第二季,2,35,大白菜,蔬菜,第二季根茎类蔬菜,第二季,10.0,4712.908349791827,2137.2402182665696,2.5902379370229416,145866.57428115705
2024,D3,水浇地,第一季,1,17,豇豆,蔬菜（豆类）,第一季蔬菜,第一季,14.0,2813.3632647659424,2137.67561906438,8.690580004209995,35535.69749912574
2024,D3,水浇地,第二季,2,36,白萝卜,蔬菜,第二季根茎类蔬菜,第二季,14.0,3790.8038031662577,534.4145543417823,2.584895053571294,97281.81230830587
2024,D4,水浇地,第一季,1,22,茄子,蔬菜,第一季蔬菜,第一季,6.0,6066.105423954569,2138.7964827125643,5.970440607387709,44221.24197943887
2024,D4,水浇地,第二季,2,35,大白菜,蔬菜,第二季根茎类蔬菜,第二季,6.0,4712.908349791827,2137.2402182665696,2.5902379370229416,145866.57428115705
2024,D5,水浇地,第一季,1,16,水稻,粮食,主粮,单季,10.0,473.29282823417964,725.9203896171383,6.932628121007025,20354.662301755958
2024,D6,水浇地,第一季,1,28,小青菜,蔬菜,第一季蔬菜,第一季,12.0,3021.0818413881684,1712.0977654771025,6.254289030519046,34489.49696184868
2024,D6,水浇地,第二季,2,35,大白菜,蔬菜,第二季根茎类蔬菜,第二季,12.0,4712.908349791827,2137.2402182665696,2.5902379370229416,145866.57428115705
2024,D7,水浇地,第一季,1,21,西红柿,蔬菜,第一季蔬菜,第一季,22.0,2265.757361213223,2138.968027384437,6.795333365995077,35255.658029086706
2024,D7,水浇地,第二季,2,37,红萝卜,蔬菜,第二季根茎类蔬菜,第二季,22.0,2829.4034228969363,534.2038504259317,3.360385682212536,34910.489488797095
2024,D8,水浇地,第一季,1,18,刀豆,蔬菜（豆类）,第一季蔬菜,第一季,20.0,1889.9218164666115,1069.537941367562,7.332239263808847,26105.36592658234
2024,D8,水浇地,第二季,2,36,白萝卜,蔬菜,第二季根茎类蔬菜,第二季,20.0,3790.8038031662577,534.4145543417823,2.584895053571294,97281.81230830587
2024,E1,普通大棚,第一季,1,22,茄子,蔬菜,第一季蔬菜,第一季,0.6,7606.689973069344,2566.4625705534695,5.970440607387709,44221.24197943887
2024,E1,普通大棚,第二季,2,41,羊肚菌,食用菌,食用菌,第二季,0.6,944.3298479056641,10692.783022774896,94.5096166667614,4091.073730340608
2024,E2,普通大棚,第一季,1,19,芸豆,蔬菜（豆类）,第一季蔬菜,第一季,0.6,3417.203615268787,2564.315510720594,7.060474633671749,6291.757345436937
2024,E2,普通大棚,第二季,2,39,香菇,食用菌,食用菌,第二季,0.6,3781.4442333504126,2135.614978887295,18.248840522481427,7001.315454272324
2024,E3,普通大棚,第一季,1,19,芸豆,蔬菜（豆类）,第一季蔬菜,第一季,0.6,3417.203615268787,2564.315510720594,7.060474633671749,6291.757345436937
2024,E3,普通大棚,第二季,2,38,榆黄菇,食用菌,食用菌,第二季,0.6,4690.201360988641,3208.881496992999,55.16795933597367,8748.206046385973
2024,E4,普通大棚,第一季,1,32,空心菜,蔬菜,第一季蔬菜,第一季,0.6,11369.215234988747,5343.546578612885,4.882739483555564,3502.275611224996
2024,E4,普通大棚,第二季,2,41,羊肚菌,食用菌,食用菌,第二季,0.6,944.3298479056641,10692.783022774896,94.5096166667614,4091.073730340608
2024,E5,普通大棚,第一季,1,17,豇豆,蔬菜（豆类）,第一季蔬菜,第一季,0.6,3424.2967791861042,2564.9355369907853,8.690580004209995,35535.69749912574
2024,E5,普通大棚,第二季,2,41,羊肚菌,食用菌,食用菌,第二季,0.6,944.3298479056641,10692.783022774896,94.5096166667614,4091.073730340608
2024,E6,普通大棚,第一季,1,19,芸豆,蔬菜（豆类）,第一季蔬菜,第一季,0.6,3417.203615268787,2564.315510720594,7.060474633671749,6291.757345436937
2024,E6,普通大棚,第二季,2,40,白灵菇,食用菌,食用菌,第二季,0.6,9437.855202302917,10685.924446807989,15.366967519928103,17466.700152555994
2024,E7,普通大棚,第一季,1,30,生菜,蔬菜,第一季蔬菜,第一季,0.6,4755.764622251153,2139.3549217895447,5.694791693892751,2770.8244247825764
2024,E7,普通大棚,第二季,2,41,羊肚菌,食用菌,食用菌,第二季,0.6,944.3298479056641,10692.783022774896,94.5096166667614,4091.073730340608
2024,E8,普通大棚,第一季,1,22,茄子,蔬菜,第一季蔬菜,第一季,0.6,7606.689973069344,2566.4625705534695,5.970440607387709,44221.24197943887
2024,E8,普通大棚,第二季,2,38,榆黄菇,食用菌,食用菌,第二季,0.6,4690.201360988641,3208.881496992999,55.16795933597367,8748.206046385973
2024,E9,普通大棚,第一季,1,25,菜花,蔬菜,第一季蔬菜,第一季,0.6,3761.558387903464,3210.9035261464082,5.974390373215046,3496.4409116651095
2024,E9,普通大棚,第二季,2,39,香菇,食用菌,食用菌,第二季,0.6,3781.4442333504126,2135.614978887295,18.248840522481427,7001.315454272324
2024,E10,普通大棚,第一季,1,24,青椒,蔬菜,第一季蔬菜,第一季,0.6,2830.3621883972214,2137.7103330671252,5.830631400013877,2536.2644344516802
2024,E10,普通大棚,第二季,2,41,羊肚菌,食用菌,食用菌,第二季,0.6,944.3298479056641,10692.783022774896,94.5096166667614,4091.073730340608
2024,E11,普通大棚,第一季,1,29,黄瓜,蔬菜,第一季蔬菜,第一季,0.6,14262.675996365982,3741.0400002570227,7.602158253435641,12697.580690457678
2024,E11,普通大棚,第二季,2,41,羊肚菌,食用菌,食用菌,第二季,0.6,944.3298479056641,10692.783022774896,94.5096166667614,4091.073730340608
2024,E12,普通大棚,第一季,1,17,豇豆,蔬菜（豆类）,第一季蔬菜,第一季,0.6,3424.2967791861042,2564.9355369907853,8.690580004209995,35535.69749912574
2024,E12,普通大棚,第二季,2,40,白灵菇,食用菌,食用菌,第二季,0.6,9437.855202302917,10685.924446807989,15.366967519928103,17466.700152555994
2024,E13,普通大棚,第一季,1,17,豇豆,蔬菜（豆类）,第一季蔬菜,第一季,0.6,3424.2967791861042,2564.9355369907853,8.690580004209995,35535.69749912574
2024,E13,普通大棚,第二季,2,41,羊肚菌,食用菌,食用菌,第二季,0.6,944.3298479056641,10692.783022774896,94.5096166667614,4091.073730340608
2024,E14,普通大棚,第一季,1,17,豇豆,蔬菜（豆类）,第一季蔬菜,第一季,0.6,3424.2967791861042,2564.9355369907853,8.690580004209995,35535.69749912574
2024,E14,普通大棚,第二季,2,38,榆黄菇,食用菌,食用菌,第二季,0.6,4690.201360988641,3208.881496992999,55.16795933597367,8748.206046385973
2024,E15,普通大棚,第一季,1,19,芸豆,蔬菜（豆类）,第一季蔬菜,第一季,0.6,3417.203615268787,2564.315510720594,7.060474633671749,6291.757345436937
2024,E15,普通大棚,第二季,2,40,白灵菇,食用菌,食用菌,第二季,0.6,9437.855202302917,10685.924446807989,15.366967519928103,17466.700152555994
2024,E16,普通大棚,第一季,1,19,芸豆,蔬菜（豆类）,第一季蔬菜,第一季,0.6,3417.203615268787,2564.315510720594,7.060474633671749,6291.757345436937
2024,E16,普通大棚,第二季,2,38,榆黄菇,食用菌,食用菌,第二季,0.6,4690.201360988641,3208.881496992999,55.16795933597367,8748.206046385973
2024,F1,智慧大棚,第一季,1,29,黄瓜,蔬菜,第一季蔬菜,第一季,0.6,14068.864429864883,3737.695807248587,7.602158253435641,12697.580690457678
2024,F1,智慧大棚,第二季,2,18,刀豆,蔬菜（豆类）,第一季蔬菜,第二季,0.6,2075.2380157176353,1410.3854657129223,7.332239263808847,26105.36592658234
2024,F2,智慧大棚,第一季,1,31,辣椒,蔬菜,第一季蔬菜,第一季,0.6,1903.0721138518259,1282.2897367007718,7.867893992522071,1169.5777777355968
2024,F2,智慧大棚,第二季,2,18,刀豆,蔬菜（豆类）,第一季蔬菜,第二季,0.6,2075.2380157176353,1410.3854657129223,7.332239263808847,26105.36592658234
2024,F3,智慧大棚,第一季,1,26,包菜,蔬菜,第一季蔬菜,第一季,0.6,4254.865889330302,3736.712380281911,7.058687758896603,3921.749866709282
2024,F3,智慧大棚,第二季,2,27,油麦菜,蔬菜,第一季蔬菜,第二季,0.6,4226.663813402501,2349.2994980460808,5.438360550231527,4363.832026630071
2024,F4,智慧大棚,第一季,1,26,包菜,蔬菜,第一季蔬菜,第一季,0.6,4254.865889330302,3736.712380281911,7.058687758896603,3921.749866709282
2024,F4,智慧大棚,第二季,2,27,油麦菜,蔬菜,第一季蔬菜,第二季,0.6,4226.663813402501,2349.2994980460808,5.438360550231527,4363.832026630071
2025,A1,平旱地,第一季,1,4,绿豆,粮食（豆类）,豆类粮食,单季,80.0,326.8301064910964,392.253374658023,6.926697246304362,31849.433361088053
2025,A2,平旱地,第一季,1,8,谷子,粮食,杂粮薯类,单季,55.0,376.842450264341,404.33146439964634,6.6867799758672835,69194.53231767994
2025,A3,平旱地,第一季,1,3,红豆,粮食（豆类）,豆类粮食,单季,35.0,372.5294786907879,392.4662678267675,8.165887202903956,21633.93407839861
2025,A4,平旱地,第一季,1,7,玉米,粮食,主粮,单季,72.0,934.211674403214,560.4521961091694,2.9691886214711616,151079.0064135096
2025,A5,平旱地,第一季,1,8,谷子,粮食,杂粮薯类,单季,68.0,376.842450264341,404.33146439964634,6.6867799758672835,69194.53231767994
2025,A6,平旱地,第一季,1,1,黄豆,粮食（豆类）,豆类粮食,单季,55.0,376.3797110309847,448.6290040141275,3.2183305028214,55347.45103373082
2025,B1,梯田,第一季,1,6,小麦,粮食,主粮,单季,60.0,710.7844251385105,505.6812109989951,3.462301900623094,194250.26239410293
2025,B2,梯田,第一季,1,7,玉米,粮食,主粮,单季,46.0,885.6584502751027,560.9242124638054,2.9691886214711616,151079.0064135096
2025,B3,梯田,第一季,1,7,玉米,粮食,主粮,单季,40.0,885.6584502751027,560.9242124638054,2.9691886214711616,151079.0064135096
2025,B4,梯田,第一季,1,8,谷子,粮食,杂粮薯类,单季,28.0,355.88090569782474,404.0753531960463,6.6867799758672835,69194.53231767994
2025,B5,梯田,第一季,1,9,高粱,粮食,杂粮薯类,单季,25.0,563.7239040316766,448.7550973119698,5.942068708808726,29039.755796080015
2025,B6,梯田,第一季,1,6,小麦,粮食,主粮,单季,86.0,710.7844251385105,505.6812109989951,3.462301900623094,194250.26239410293
2025,B7,梯田,第一季,1,2,黑豆,粮食（豆类）,豆类粮食,单季,55.0,446.16910102058705,449.11606186682263,7.417953452658031,21125.181904233254
2025,B8,梯田,第一季,1,6,小麦,粮食,主粮,单季,44.0,710.7844251385105,505.6812109989951,3.462301900623094,194250.26239410293
2025,B9,梯田,第一季,1,6,小麦,粮食,主粮,单季,50.0,710.7844251385105,505.6812109989951,3.462301900623094,194250.26239410293
2025,B10,梯田,第一季,1,3,红豆,粮食（豆类）,豆类粮食,单季,25.0,354.7711829304111,392.4355026308423,8.165887202903956,21633.93407839861
2025,B11,梯田,第一季,1,6,小麦,粮食,主粮,单季,60.0,710.7844251385105,505.6812109989951,3.462301900623094,194250.26239410293
2025,B12,梯田,第一季,1,1,黄豆,粮食（豆类）,豆类粮食,单季,45.0,356.4022512405414,448.30993687171303,3.2183305028214,55347.45103373082
2025,B13,梯田,第一季,1,5,爬豆,粮食（豆类）,豆类粮食,单季,35.0,371.6348813988588,392.46016976918503,6.681455789729551,9556.83817048706
2025,B14,梯田,第一季,1,4,绿豆,粮食（豆类）,豆类粮食,单季,20.0,306.4970567788379,392.46257883670364,6.926697246304362,31849.433361088053
2025,C1,山坡地,第一季,1,11,荞麦,粮食,杂粮薯类,单季,15.0,93.76341848141551,392.7658159223323,39.663513211778955,1446.0857274799675
2025,C2,山坡地,第一季,1,12,南瓜,粮食,杂粮薯类,单季,13.0,2526.544653426009,1121.3626271303415,1.4871429657075907,33916.241798170275
2025,C3,山坡地,第一季,1,1,黄豆,粮食（豆类）,豆类粮食,单季,15.0,336.914444989722,448.06488578594457,3.2183305028214,55347.45103373082
2025,C4,山坡地,第一季,1,9,高粱,粮食,杂粮薯类,单季,18.0,536.0331177954314,448.27495815870554,5.942068708808726,29039.755796080015
2025,C5,山坡地,第一季,1,10,黍子,粮食,杂粮薯类,单季,27.0,446.4363845587519,403.62395717670637,7.430283826987485,12082.501234499045
2025,C6,山坡地,第一季,1,13,红薯,粮食,杂粮薯类,单季,20.0,1878.8448246705268,2243.3123047809217,3.2242933648389687,34848.69845528746
2025,D1,水浇地,第一季,1,18,刀豆,蔬菜（豆类）,第一季蔬菜,第一季,15.0,1883.8793724553666,1120.5798645055334,7.687063432094512,26150.573923485357
2025,D1,水浇地,第二季,2,35,大白菜,蔬菜,第二季根茎类蔬菜,第二季,15.0,4687.012108573913,2242.1374379019135,2.714262652997967,144869.21722055966
2025,D2,水浇地,第一季,1,17,豇豆,蔬菜（豆类）,第一季蔬菜,第一季,10.0,2796.323592815707,2246.25931115553,9.10944091770469,35497.866158403056
2025,D2,水浇地,第二季,2,36,白萝卜,蔬菜,第二季根茎类蔬菜,第二季,10.0,3740.5847116228183,561.0920015408636,2.714641649584226,96878.65562304124
2025,D3,水浇地,第一季,1,21,西红柿,蔬菜,第一季蔬菜,第一季,14.0,2264.9935760683643,2241.033029125849,7.129017571490351,35074.22186944856
2025,D3,水浇地,第二季,2,35,大白菜,蔬菜,第二季根茎类蔬菜,第二季,14.0,4687.012108573913,2242.1374379019135,2.714262652997967,144869.21722055966
2025,D4,水浇地,第一季,1,17,豇豆,蔬菜（豆类）,第一季蔬菜,第一季,6.0,2796.323592815707,2246.25931115553,9.10944091770469,35497.866158403056
2025,D4,水浇地,第二季,2,36,白萝卜,蔬菜,第二季根茎类蔬菜,第二季,6.0,3740.5847116228183,561.0920015408636,2.714641649584226,96878.65562304124
2025,D5,水浇地,第一季,1,20,土豆,蔬菜,第一季蔬菜,第一季,10.0,1880.8288303042984,2242.810615470097,4.271453667534014,29079.7166355641
2025,D5,水浇地,第二季,2,36,白萝卜,蔬菜,第二季根茎类蔬菜,第二季,10.0,3740.5847116228183,561.0920015408636,2.714641649584226,96878.65562304124
2025,D6,水浇地,第一季,1,28,小青菜,蔬菜,第一季蔬菜,第一季,12.0,3009.9258565943414,1796.1327834686108,6.550268527427893,34428.368189391804
2025,D6,水浇地,第二季,2,37,红萝卜,蔬菜,第二季根茎类蔬菜,第二季,12.0,2817.238379745484,560.4833046183724,3.535086969367428,34941.33315779354
2025,D7,水浇地,第一季,1,18,刀豆,蔬菜（豆类）,第一季蔬菜,第一季,22.0,1883.8793724553666,1120.5798645055334,7.687063432094512,26150.573923485357
2025,D7,水浇地,第二季,2,37,红萝卜,蔬菜,第二季根茎类蔬菜,第二季,22.0,2817.238379745484,560.4833046183724,3.535086969367428,34941.33315779354
2025,D8,水浇地,第一季,1,16,水稻,粮食,主粮,单季,20.0,471.8914970193307,763.0883079319384,6.932433352647447,20439.991737872904
2025,E1,普通大棚,第一季,1,22,茄子,蔬菜,第一季蔬菜,第一季,0.6,7522.381448702229,2691.2213131984863,6.258457818951777,43899.26197467668
2025,E1,普通大棚,第二季,2,41,羊肚菌,食用菌,食用菌,第二季,0.6,934.0921209434711,11222.319113663098,89.79298153530142,4064.1952015505676
2025,E2,普通大棚,第一季,1,30,生菜,蔬菜,第一季蔬菜,第一季,0.6,4712.843937080386,2245.89238876275,5.975196325451475,2770.3736346759074
2025,E2,普通大棚,第二季,2,41,羊肚菌,食用菌,食用菌,第二季,0.6,934.0921209434711,11222.319113663098,89.79298153530142,4064.1952015505676
2025,E3,普通大棚,第一季,1,19,芸豆,蔬菜（豆类）,第一季蔬菜,第一季,0.6,3385.4570343954656,2694.780942220102,7.401555589742187,6273.798276344966
2025,E3,普通大棚,第二季,2,41,羊肚菌,食用菌,食用菌,第二季,0.6,934.0921209434711,11222.319113663098,89.79298153530142,4064.1952015505676
2025,E4,普通大棚,第一季,1,19,芸豆,蔬菜（豆类）,第一季蔬菜,第一季,0.6,3385.4570343954656,2694.780942220102,7.401555589742187,6273.798276344966
2025,E4,普通大棚,第二季,2,40,白灵菇,食用菌,食用菌,第二季,0.6,9380.618920371895,11220.62057968096,14.843809495575105,17447.71957831352
2025,E5,普通大棚,第一季,1,25,菜花,蔬菜,第一季蔬菜,第一季,0.6,3768.1198287242364,3364.993276103841,6.263237516274546,3501.908955816445
2025,E5,普通大棚,第二季,2,41,羊肚菌,食用菌,食用菌,第二季,0.6,934.0921209434711,11222.319113663098,89.79298153530142,4064.1952015505676
2025,E6,普通大棚,第一季,1,22,茄子,蔬菜,第一季蔬菜,第一季,0.6,7522.381448702229,2691.2213131984863,6.258457818951777,43899.26197467668
2025,E6,普通大棚,第二季,2,39,香菇,食用菌,食用菌,第二季,0.6,3748.5456882837602,2243.4162622138133,17.653587028575718,6962.338512344515
2025,E7,普通大棚,第一季,1,22,茄子,蔬菜,第一季蔬菜,第一季,0.6,7522.381448702229,2691.2213131984863,6.258457818951777,43899.26197467668
2025,E7,普通大棚,第二季,2,40,白灵菇,食用菌,食用菌,第二季,0.6,9380.618920371895,11220.62057968096,14.843809495575105,17447.71957831352
2025,E8,普通大棚,第一季,1,32,空心菜,蔬菜,第一季蔬菜,第一季,0.6,11282.454928312336,5620.897652139227,5.1208223324002775,3493.563740707928
2025,E8,普通大棚,第二季,2,38,榆黄菇,食用菌,食用菌,第二季,0.6,4648.333282420659,3369.51542840796,53.30597248958813,8710.288349948085
2025,E9,普通大棚,第一季,1,22,茄子,蔬菜,第一季蔬菜,第一季,0.6,7522.381448702229,2691.2213131984863,6.258457818951777,43899.26197467668
2025,E9,普通大棚,第二季,2,40,白灵菇,食用菌,食用菌,第二季,0.6,9380.618920371895,11220.62057968096,14.843809495575105,17447.71957831352
2025,E10,普通大棚,第一季,1,29,黄瓜,蔬菜,第一季蔬菜,第一季,0.6,14039.564434328127,3926.0136611573994,7.982869182053995,12626.622846776188
2025,E10,普通大棚,第二季,2,41,羊肚菌,食用菌,食用菌,第二季,0.6,934.0921209434711,11222.319113663098,89.79298153530142,4064.1952015505676
2025,E11,普通大棚,第一季,1,22,茄子,蔬菜,第一季蔬菜,第一季,0.6,7522.381448702229,2691.2213131984863,6.258457818951777,43899.26197467668
2025,E11,普通大棚,第二季,2,41,羊肚菌,食用菌,食用菌,第二季,0.6,934.0921209434711,11222.319113663098,89.79298153530142,4064.1952015505676
2025,E12,普通大棚,第一季,1,22,茄子,蔬菜,第一季蔬菜,第一季,0.6,7522.381448702229,2691.2213131984863,6.258457818951777,43899.26197467668
2025,E12,普通大棚,第二季,2,41,羊肚菌,食用菌,食用菌,第二季,0.6,934.0921209434711,11222.319113663098,89.79298153530142,4064.1952015505676
2025,E13,普通大棚,第一季,1,31,辣椒,蔬菜,第一季蔬菜,第一季,0.6,1888.2087524328365,1347.5928292295275,8.263367043509543,1163.0743981144976
2025,E13,普通大棚,第二季,2,38,榆黄菇,食用菌,食用菌,第二季,0.6,4648.333282420659,3369.51542840796,53.30597248958813,8710.288349948085
2025,E14,普通大棚,第一季,1,19,芸豆,蔬菜（豆类）,第一季蔬菜,第一季,0.6,3385.4570343954656,2694.780942220102,7.401555589742187,6273.798276344966
2025,E14,普通大棚,第二季,2,38,榆黄菇,食用菌,食用菌,第二季,0.6,4648.333282420659,3369.51542840796,53.30597248958813,8710.288349948085
2025,E15,普通大棚,第一季,1,29,黄瓜,蔬菜,第一季蔬菜,第一季,0.6,14039.564434328127,3926.0136611573994,7.982869182053995,12626.622846776188
2025,E15,普通大棚,第二季,2,39,香菇,食用菌,食用菌,第二季,0.6,3748.5456882837602,2243.4162622138133,17.653587028575718,6962.338512344515
2025,E16,普通大棚,第一季,1,21,西红柿,蔬菜,第一季蔬菜,第一季,0.6,2812.778097449995,2691.507930079486,7.129017571490351,35074.22186944856
2025,E16,普通大棚,第二季,2,38,榆黄菇,食用菌,食用菌,第二季,0.6,4648.333282420659,3369.51542840796,53.30597248958813,8710.288349948085
2025,F1,智慧大棚,第一季,1,22,茄子,蔬菜,第一季蔬菜,第一季,0.6,7540.472961954128,2690.047069894246,6.258457818951777,43899.26197467668
2025,F1,智慧大棚,第二季,2,27,油麦菜,蔬菜,第一季蔬菜,第二季,0.6,4216.512192246112,2468.497905891134,5.6914104244872155,4362.472837776077
2025,F2,智慧大棚,第一季,1,22,茄子,蔬菜,第一季蔬菜,第一季,0.6,7540.472961954128,2690.047069894246,6.258457818951777,43899.26197467668
2025,F2,智慧大棚,第二季,2,26,包菜,蔬菜,第一季蔬菜,第二季,0.6,3848.5926059631834,4319.040615538411,7.405941799665218,3939.8145999278217
2025,F3,智慧大棚,第一季,1,22,茄子,蔬菜,第一季蔬菜,第一季,0.6,7540.472961954128,2690.047069894246,6.258457818951777,43899.26197467668
2025,F3,智慧大棚,第二季,2,26,包菜,蔬菜,第一季蔬菜,第二季,0.6,3848.5926059631834,4319.040615538411,7.405941799665218,3939.8145999278217
2025,F4,智慧大棚,第一季,1,22,茄子,蔬菜,第一季蔬菜,第一季,0.6,7540.472961954128,2690.047069894246,6.258457818951777,43899.26197467668
2025,F4,智慧大棚,第二季,2,27,油麦菜,蔬菜,第一季蔬菜,第二季,0.6,4216.512192246112,2468.497905891134,5.6914104244872155,4362.472837776077
2026,A1,平旱地,第一季,1,6,小麦,粮食,主粮,单季,80.0,758.2924012245396,530.5042198007609,3.4647988078822296,208038.03006787825
2026,A2,平旱地,第一季,1,6,小麦,粮食,主粮,单季,55.0,758.2924012245396,530.5042198007609,3.4647988078822296,208038.03006787825
2026,A3,平旱地,第一季,1,6,小麦,粮食,主粮,单季,35.0,758.2924012245396,530.5042198007609,3.4647988078822296,208038.03006787825
2026,A4,平旱地,第一季,1,1,黄豆,粮食（豆类）,豆类粮食,单季,72.0,380.00985274776866,471.51883097901106,3.220590691070782,55331.227380075245
2026,A5,平旱地,第一季,1,4,绿豆,粮食（豆类）,豆类粮食,单季,68.0,331.2700782671315,412.8788726269405,6.9318155571517845,32058.827175602517
2026,A6,平旱地,第一季,1,6,小麦,粮食,主粮,单季,55.0,758.2924012245396,530.5042198007609,3.4647988078822296,208038.03006787825
2026,B1,梯田,第一季,1,7,玉米,粮食,主粮,单季,60.0,901.0877748694983,588.738085820865,2.9676736165385242,161969.99988616374
2026,B2,梯田,第一季,1,1,黄豆,粮食（豆类）,豆类粮食,单季,46.0,360.0596272182986,471.77178908610796,3.220590691070782,55331.227380075245
2026,B3,梯田,第一季,1,4,绿豆,粮食（豆类）,豆类粮食,单季,40.0,308.8696019051821,412.43158974337405,6.9318155571517845,32058.827175602517
2026,B4,梯田,第一季,1,2,黑豆,粮食（豆类）,豆类粮食,单季,28.0,450.00936931758554,472.01102601923395,7.421839842464027,21193.362506064608
2026,B5,梯田,第一季,1,5,爬豆,粮食（豆类）,豆类粮食,单季,25.0,375.09836323196663,411.8134156172135,6.684902259274005,9562.07143357733
2026,B6,梯田,第一季,1,8,谷子,粮食,杂粮薯类,单季,86.0,357.98727345520405,424.35269733873093,6.679998233064262,69250.7568884179
2026,B7,梯田,第一季,1,8,谷子,粮食,杂粮薯类,单季,55.0,357.98727345520405,424.35269733873093,6.679998233064262,69250.7568884179
2026,B8,梯田,第一季,1,7,玉米,粮食,主粮,单季,44.0,901.0877748694983,588.738085820865,2.9676736165385242,161969.99988616374
2026,B9,梯田,第一季,1,9,高粱,粮食,杂粮薯类,单季,50.0,567.5775617922106,471.2838169868512,5.933765676982013,29050.717221842955
2026,B10,梯田,第一季,1,10,黍子,粮食,杂粮薯类,单季,25.0,475.765652050262,424.3112778179011,7.423152727657756,12121.055635427607
2026,B11,梯田,第一季,1,3,红豆,粮食（豆类）,豆类粮食,单季,60.0,361.9049515904992,412.88674772355694,8.170507208058199,21723.054734687877
2026,B12,梯田,第一季,1,7,玉米,粮食,主粮,单季,45.0,901.0877748694983,588.738085820865,2.9676736165385242,161969.99988616374
2026,B13,梯田,第一季,1,7,玉米,粮食,主粮,单季,35.0,901.0877748694983,588.738085820865,2.9676736165385242,161969.99988616374
2026,B14,梯田,第一季,1,8,谷子,粮食,杂粮薯类,单季,20.0,357.98727345520405,424.35269733873093,6.679998233064262,69250.7568884179
2026,C1,山坡地,第一季,1,12,南瓜,粮食,杂粮薯类,单季,15.0,2558.832908422832,1178.5864478706212,1.4837129686572175,33966.67276400558
2026,C2,山坡地,第一季,1,5,爬豆,粮食（豆类）,豆类粮食,单季,13.0,353.1387711745835,412.2062157486812,6.684902259274005,9562.07143357733
2026,C3,山坡地,第一季,1,13,红薯,粮食,杂粮薯类,单季,15.0,1882.9463549068566,2357.2718277873078,3.2166830488665794,34850.44752347765
2026,C4,山坡地,第一季,1,11,荞麦,粮食,杂粮薯类,单季,18.0,94.5007090808181,411.8712169126758,39.54355355345801,1453.3237793726862
2026,C5,山坡地,第一季,1,8,谷子,粮食,杂粮薯类,单季,27.0,340.34210884733733,423.8339495001329,6.679998233064262,69250.7568884179
2026,C6,山坡地,第一季,1,2,黑豆,粮食（豆类）,豆类粮食,单季,20.0,424.57087712147637,471.74359670879454,7.421839842464027,21193.362506064608
2026,D1,水浇地,第一季,1,21,西红柿,蔬菜,第一季蔬菜,第一季,15.0,2269.291830447928,2355.865712882779,7.488835372736565,35089.036185805126
2026,D1,水浇地,第二季,2,35,大白菜,蔬菜,第二季根茎类蔬菜,第二季,15.0,4701.8252834288905,2354.069674943001,2.8515579904483572,145677.72450008345
2026,D2,水浇地,第一季,1,28,小青菜,蔬菜,第一季蔬菜,第一季,10.0,3018.104786335261,1884.3152572223169,6.888006014746137,34304.46043266482
2026,D2,水浇地,第二季,2,36,白萝卜,蔬菜,第二季根茎类蔬菜,第二季,10.0,3760.4565529640217,588.5081903668281,2.8483463624468603,96795.99329412988
2026,D3,水浇地,第一季,1,20,土豆,蔬菜,第一季蔬菜,第一季,14.0,1887.6677212202828,2351.194905035656,4.482436550515806,28964.13921212182
2026,D3,水浇地,第二季,2,37,红萝卜,蔬菜,第二季根茎类蔬菜,第二季,14.0,2828.339051785478,588.1115904036187,3.707000498630664,34843.55009639842
2026,D4,水浇地,第一季,1,22,茄子,蔬菜,第一季蔬菜,第一季,6.0,6030.589434517254,2351.750384095526,6.589083928007892,43918.441940972145
2026,D4,水浇地,第二季,2,36,白萝卜,蔬菜,第二季根茎类蔬菜,第二季,6.0,3760.4565529640217,588.5081903668281,2.8483463624468603,96795.99329412988
2026,D5,水浇地,第一季,1,18,刀豆,蔬菜（豆类）,第一季蔬菜,第一季,10.0,1887.8856082839682,1176.9127113602585,8.080314766200656,26024.510931807108
2026,D5,水浇地,第二季,2,36,白萝卜,蔬菜,第二季根茎类蔬菜,第二季,10.0,3760.4565529640217,588.5081903668281,2.8483463624468603,96795.99329412988
2026,D6,水浇地,第一季,1,17,豇豆,蔬菜（豆类）,第一季蔬菜,第一季,12.0,2837.320225982576,2355.181998317459,9.58212278595365,35261.97252420358
2026,D6,水浇地,第二季,2,35,大白菜,蔬菜,第二季根茎类蔬菜,第二季,12.0,4701.8252834288905,2354.069674943001,2.8515579904483572,145677.72450008345
2026,D7,水浇地,第一季,1,16,水稻,粮食,主粮,单季,22.0,472.69760199974917,801.7075457049359,6.922692902450972,20282.72136386167
2026,D8,水浇地,第一季,1,16,水稻,粮食,主粮,单季,20.0,472.69760199974917,801.7075457049359,6.922692902450972,20282.72136386167
2026,E1,普通大棚,第一季,1,19,芸豆,蔬菜（豆类）,第一季蔬菜,第一季,0.6,3388.9492663959513,2823.5152763689566,7.76712727851968,6261.930370266563
2026,E1,普通大棚,第二季,2,40,白灵菇,食用菌,食用菌,第二季,0.6,9364.893593123883,11776.298138845346,14.332923209681606,17416.616384991685
2026,E2,普通大棚,第一季,1,28,小青菜,蔬菜,第一季蔬菜,第一季,0.6,3793.6603576799157,2357.21227488347,6.888006014746137,34304.46043266482
2026,E2,普通大棚,第二季,2,39,香菇,食用菌,食用菌,第二季,0.6,3774.5351622303883,2355.670061440428,17.066099637601667,6968.76378062874
2026,E3,普通大棚,第一季,1,21,西红柿,蔬菜,第一季蔬菜,第一季,0.6,2836.8280467216237,2824.463375763281,7.488835372736565,35089.036185805126
2026,E3,普通大棚,第二季,2,41,羊肚菌,食用菌,食用菌,第二季,0.6,937.9476954004583,11777.239208741,85.31230772923283,4060.5588995396843
2026,E4,普通大棚,第一季,1,28,小青菜,蔬菜,第一季蔬菜,第一季,0.6,3793.6603576799157,2357.21227488347,6.888006014746137,34304.46043266482
2026,E4,普通大棚,第二季,2,39,香菇,食用菌,食用菌,第二季,0.6,3774.5351622303883,2355.670061440428,17.066099637601667,6968.76378062874
2026,E5,普通大棚,第一季,1,25,菜花,蔬菜,第一季蔬菜,第一季,0.6,3780.516060244437,3534.174250340549,6.594864773506492,3469.1394093688227
2026,E5,普通大棚,第二季,2,41,羊肚菌,食用菌,食用菌,第二季,0.6,937.9476954004583,11777.239208741,85.31230772923283,4060.5588995396843
2026,E6,普通大棚,第一季,1,29,黄瓜,蔬菜,第一季蔬菜,第一季,0.6,14299.84784684434,4122.284989429311,8.381352082675875,12628.312688834394
2026,E6,普通大棚,第二季,2,38,榆黄菇,食用菌,食用菌,第二季,0.6,4730.780147080311,3535.150430438835,51.56556408431325,8708.857502344921
2026,E7,普通大棚,第一季,1,19,芸豆,蔬菜（豆类）,第一季蔬菜,第一季,0.6,3388.9492663959513,2823.5152763689566,7.76712727851968,6261.930370266563
2026,E7,普通大棚,第二季,2,41,羊肚菌,食用菌,食用菌,第二季,0.6,937.9476954004583,11777.239208741,85.31230772923283,4060.5588995396843
2026,E8,普通大棚,第一季,1,19,芸豆,蔬菜（豆类）,第一季蔬菜,第一季,0.6,3388.9492663959513,2823.5152763689566,7.76712727851968,6261.930370266563
2026,E8,普通大棚,第二季,2,38,榆黄菇,食用菌,食用菌,第二季,0.6,4730.780147080311,3535.150430438835,51.56556408431325,8708.857502344921
2026,E9,普通大棚,第一季,1,19,芸豆,蔬菜（豆类）,第一季蔬菜,第一季,0.6,3388.9492663959513,2823.5152763689566,7.76712727851968,6261.930370266563
2026,E9,普通大棚,第二季,2,41,羊肚菌,食用菌,食用菌,第二季,0.6,937.9476954004583,11777.239208741,85.31230772923283,4060.5588995396843
2026,E10,普通大棚,第一季,1,17,豇豆,蔬菜（豆类）,第一季蔬菜,第一季,0.6,3413.4156235080027,2828.5130135359227,9.58212278595365,35261.97252420358
2026,E10,普通大棚,第二季,2,40,白灵菇,食用菌,食用菌,第二季,0.6,9364.893593123883,11776.298138845346,14.332923209681606,17416.616384991685
2026,E11,普通大棚,第一季,1,17,豇豆,蔬菜（豆类）,第一季蔬菜,第一季,0.6,3413.4156235080027,2828.5130135359227,9.58212278595365,35261.97252420358
2026,E11,普通大棚,第二季,2,41,羊肚菌,食用菌,食用菌,第二季,0.6,937.9476954004583,11777.239208741,85.31230772923283,4060.5588995396843
2026,E12,普通大棚,第一季,1,22,茄子,蔬菜,第一季蔬菜,第一季,0.6,7531.918625866773,2825.4928689808835,6.589083928007892,43918.441940972145
2026,E12,普通大棚,第二季,2,40,白灵菇,食用菌,食用菌,第二季,0.6,9364.893593123883,11776.298138845346,14.332923209681606,17416.616384991685
2026,E13,普通大棚,第一季,1,21,西红柿,蔬菜,第一季蔬菜,第一季,0.6,2836.8280467216237,2824.463375763281,7.488835372736565,35089.036185805126
2026,E13,普通大棚,第二季,2,39,香菇,食用菌,食用菌,第二季,0.6,3774.5351622303883,2355.670061440428,17.066099637601667,6968.76378062874
2026,E14,普通大棚,第一季,1,22,茄子,蔬菜,第一季蔬菜,第一季,0.6,7531.918625866773,2825.4928689808835,6.589083928007892,43918.441940972145
2026,E14,普通大棚,第二季,2,41,羊肚菌,食用菌,食用菌,第二季,0.6,937.9476954004583,11777.239208741,85.31230772923283,4060.5588995396843
2026,E15,普通大棚,第一季,1,31,辣椒,蔬菜,第一季蔬菜,第一季,0.6,1898.7083226899804,1411.7717540933338,8.676497751894797,1160.9047923950102
2026,E15,普通大棚,第二季,2,41,羊肚菌,食用菌,食用菌,第二季,0.6,937.9476954004583,11777.239208741,85.31230772923283,4060.5588995396843
2026,E16,普通大棚,第一季,1,24,青椒,蔬菜,第一季蔬菜,第一季,0.6,2858.1347196735846,2355.250330038284,6.427349760085849,2532.5571646746184
2026,E16,普通大棚,第二季,2,38,榆黄菇,食用菌,食用菌,第二季,0.6,4730.780147080311,3535.150430438835,51.56556408431325,8708.857502344921
2026,F1,智慧大棚,第一季,1,32,空心菜,蔬菜,第一季蔬菜,第一季,0.6,11342.371263844903,5885.2487832668085,5.393439323855085,3485.403334556895
2026,F1,智慧大棚,第二季,2,26,包菜,蔬菜,第一季蔬菜,第二季,0.6,3903.212841256577,4529.412853124736,7.774915108019069,3912.672780805185
2026,F2,智慧大棚,第一季,1,27,油麦菜,蔬菜,第一季蔬菜,第一季,0.6,4730.758661101048,2356.3492894164947,5.980115816519694,4342.898935017344
2026,F2,智慧大棚,第二季,2,26,包菜,蔬菜,第一季蔬菜,第二季,0.6,3903.212841256577,4529.412853124736,7.774915108019069,3912.672780805185
2026,F3,智慧大棚,第一季,1,29,黄瓜,蔬菜,第一季蔬菜,第一季,0.6,14097.479806579862,4124.821684847022,8.381352082675875,12628.312688834394
2026,F3,智慧大棚,第二季,2,18,刀豆,蔬菜（豆类）,第一季蔬菜,第二季,0.6,2077.8085548052372,1554.560607502881,8.080314766200656,26024.510931807108
2026,F4,智慧大棚,第一季,1,30,生菜,蔬菜,第一季蔬菜,第一季,0.6,4725.504753137613,2355.2403999530516,6.287494597403551,2754.446658229702
2026,F4,智慧大棚,第二季,2,18,刀豆,蔬菜（豆类）,第一季蔬菜,第二季,0.6,2077.8085548052372,1554.560607502881,8.080314766200656,26024.510931807108
2027,A1,平旱地,第一季,1,7,玉米,粮食,主粮,单季,80.0,954.0147031624541,618.6177089788697,2.9710872978440594,173453.45161364734
2027,A2,平旱地,第一季,1,4,绿豆,粮食（豆类）,豆类粮食,单季,55.0,329.62575055785265,433.1993906700056,6.936076567743078,32057.81867033212
2027,A3,平旱地,第一季,1,9,高粱,粮食,杂粮薯类,单季,35.0,604.1650196779614,493.6506250855029,5.940426193834374,29214.457371588574
2027,A4,平旱地,第一季,1,6,小麦,粮食,主粮,单季,72.0,764.4879932532559,556.832524340969,3.4656628484408634,222392.74376601572
2027,A5,平旱地,第一季,1,6,小麦,粮食,主粮,单季,68.0,764.4879932532559,556.832524340969,3.4656628484408634,222392.74376601572
2027,A6,平旱地,第一季,1,7,玉米,粮食,主粮,单季,55.0,954.0147031624541,618.6177089788697,2.9710872978440594,173453.45161364734
2027,B1,梯田,第一季,1,3,红豆,粮食（豆类）,豆类粮食,单季,60.0,363.7587147594837,433.3513781607938,8.177792319314028,21784.736888665393
2027,B2,梯田,第一季,1,6,小麦,粮食,主粮,单季,46.0,729.1194680901244,556.2258745348668,3.4656628484408634,222392.74376601572
2027,B3,梯田,第一季,1,8,谷子,粮食,杂粮薯类,单季,40.0,363.15955616838454,445.37302982465496,6.689162179319904,69331.49832073081
2027,B4,梯田,第一季,1,8,谷子,粮食,杂粮薯类,单季,28.0,363.15955616838454,445.37302982465496,6.689162179319904,69331.49832073081
2027,B5,梯田,第一季,1,10,黍子,粮食,杂粮薯类,单季,25.0,477.0393610554531,445.0191890522496,7.429526569454356,12224.91054165556
2027,B6,梯田,第一季,1,1,黄豆,粮食（豆类）,豆类粮食,单季,86.0,359.3798976953297,494.76844757618437,3.2220547188217363,55299.33960712621
2027,B7,梯田,第一季,1,6,小麦,粮食,主粮,单季,55.0,729.1194680901244,556.2258745348668,3.4656628484408634,222392.74376601572
2027,B8,梯田,第一季,1,4,绿豆,粮食（豆类）,豆类粮食,单季,44.0,312.4181045163095,432.57561591567054,6.936076567743078,32057.81867033212
2027,B9,梯田,第一季,1,2,黑豆,粮食（豆类）,豆类粮食,单季,50.0,450.0092182591667,494.5571749227469,7.4274875130992335,21152.285417569274
2027,B10,梯田,第一季,1,6,小麦,粮食,主粮,单季,25.0,729.1194680901244,556.2258745348668,3.4656628484408634,222392.74376601572
2027,B11,梯田,第一季,1,8,谷子,粮食,杂粮薯类,单季,60.0,363.15955616838454,445.37302982465496,6.689162179319904,69331.49832073081
2027,B12,梯田,第一季,1,8,谷子,粮食,杂粮薯类,单季,45.0,363.15955616838454,445.37302982465496,6.689162179319904,69331.49832073081
2027,B13,梯田,第一季,1,2,黑豆,粮食（豆类）,豆类粮食,单季,35.0,450.0092182591667,494.5571749227469,7.4274875130992335,21152.285417569274
2027,B14,梯田,第一季,1,6,小麦,粮食,主粮,单季,20.0,729.1194680901244,556.2258745348668,3.4656628484408634,222392.74376601572
2027,C1,山坡地,第一季,1,1,黄豆,粮食（豆类）,豆类粮食,单季,15.0,340.11906342801353,494.3068248836877,3.2220547188217363,55299.33960712621
2027,C2,山坡地,第一季,1,12,南瓜,粮食,杂粮薯类,单季,13.0,2580.0510814611603,1236.6956299092715,1.486104116684949,34175.05438502249
2027,C3,山坡地,第一季,1,11,荞麦,粮食,杂粮薯类,单季,15.0,95.29375780531083,432.40925312439674,39.63771754859502,1455.9923495206071
2027,C4,山坡地,第一季,1,4,绿豆,粮食（豆类）,豆类粮食,单季,18.0,299.3312539068391,432.63177769460975,6.936076567743078,32057.81867033212
2027,C5,山坡地,第一季,1,5,爬豆,粮食（豆类）,豆类粮食,单季,27.0,357.84254120140946,433.5208375689251,6.689232440298555,9583.575508435553
2027,C6,山坡地,第一季,1,13,红薯,粮食,杂粮薯类,单季,20.0,1902.9600554263093,2472.8207368812223,3.2207102367272857,35076.51617952516
2027,D1,水浇地,第一季,1,21,西红柿,蔬菜,第一季蔬菜,第一季,15.0,2293.439438104601,2478.4613777221934,7.852110527587875,35058.3818587166
2027,D1,水浇地,第二季,2,35,大白菜,蔬菜,第二季根茎类蔬菜,第二季,15.0,4733.387538625729,2472.6761092448114,3.0005694148992066,145780.9158613072
2027,D2,水浇地,第一季,1,16,水稻,粮食,主粮,单季,10.0,473.7819322170437,841.6819226140709,6.935678801341995,20353.079851992654
2027,D3,水浇地,第一季,1,17,豇豆,蔬菜（豆类）,第一季蔬菜,第一季,14.0,2868.586531932409,2471.0054152969833,10.069359174844378,35378.11105484648
2027,D3,水浇地,第二季,2,36,白萝卜,蔬菜,第二季根茎类蔬菜,第二季,14.0,3804.330756304751,618.55158867729,2.998979456195352,96942.34320054782
2027,D4,水浇地,第一季,1,22,茄子,蔬菜,第一季蔬菜,第一季,6.0,6099.550151324365,2474.0451345812207,6.91662213374554,44024.55557027044
2027,D4,水浇地,第二季,2,37,红萝卜,蔬菜,第二季根茎类蔬菜,第二季,6.0,2843.3665730873113,618.3398338666863,3.894351987045788,34895.26392829786
2027,D5,水浇地,第一季,1,20,土豆,蔬菜,第一季蔬菜,第一季,10.0,1900.3280960057505,2477.4199325343084,4.718217178246096,29185.191937123815
2027,D5,水浇地,第二季,2,37,红萝卜,蔬菜,第二季根茎类蔬菜,第二季,10.0,2843.3665730873113,618.3398338666863,3.894351987045788,34895.26392829786
2027,D6,水浇地,第一季,1,28,小青菜,蔬菜,第一季蔬菜,第一季,12.0,3054.6461582378033,1979.1498723337327,7.2307801516601025,34304.99795593382
2027,D6,水浇地,第二季,2,35,大白菜,蔬菜,第二季根茎类蔬菜,第二季,12.0,4733.387538625729,2472.6761092448114,3.0005694148992066,145780.9158613072
2027,D7,水浇地,第一季,1,16,水稻,粮食,主粮,单季,22.0,473.7819322170437,841.6819226140709,6.935678801341995,20353.079851992654
2027,D8,水浇地,第一季,1,18,刀豆,蔬菜（豆类）,第一季蔬菜,第一季,20.0,1901.0353397735819,1237.489371462897,8.488461916461555,26032.05033671633
2027,D8,水浇地,第二季,2,36,白萝卜,蔬菜,第二季根茎类蔬菜,第二季,20.0,3804.330756304751,618.55158867729,2.998979456195352,96942.34320054782
2027,E1,普通大棚,第一季,1,20,土豆,蔬菜,第一季蔬菜,第一季,0.6,2287.9850373916875,2967.727982829129,4.718217178246096,29185.191937123815
2027,E1,普通大棚,第二季,2,39,香菇,食用菌,食用菌,第二季,0.6,3809.4979187284707,2477.4539798670476,16.542225502902067,6960.674466080559
2027,E2,普通大棚,第一季,1,19,芸豆,蔬菜（豆类）,第一季蔬菜,第一季,0.6,3441.560154190911,2969.425467583872,8.185791231464723,6282.816929765534
2027,E2,普通大棚,第二季,2,39,香菇,食用菌,食用菌,第二季,0.6,3809.4979187284707,2477.4539798670476,16.542225502902067,6960.674466080559
2027,E3,普通大棚,第一季,1,19,芸豆,蔬菜（豆类）,第一季蔬菜,第一季,0.6,3441.560154190911,2969.425467583872,8.185791231464723,6282.816929765534
2027,E3,普通大棚,第二季,2,38,榆黄菇,食用菌,食用菌,第二季,0.6,4774.560946916938,3716.9370163347508,50.01661028391326,8677.965109671763
2027,E4,普通大棚,第一季,1,22,茄子,蔬菜,第一季蔬菜,第一季,0.6,7632.322885905328,2968.9715842583673,6.91662213374554,44024.55557027044
2027,E4,普通大棚,第二季,2,39,香菇,食用菌,食用菌,第二季,0.6,3809.4979187284707,2477.4539798670476,16.542225502902067,6960.674466080559
2027,E5,普通大棚,第一季,1,19,芸豆,蔬菜（豆类）,第一季蔬菜,第一季,0.6,3441.560154190911,2969.425467583872,8.185791231464723,6282.816929765534
2027,E5,普通大棚,第二季,2,41,羊肚菌,食用菌,食用菌,第二季,0.6,947.6690240873069,12358.342411295636,81.06267830638032,4053.8322052354542
2027,E6,普通大棚,第一季,1,17,豇豆,蔬菜（豆类）,第一季蔬菜,第一季,0.6,3431.920699938939,2965.861423609351,10.069359174844378,35378.11105484648
2027,E6,普通大棚,第二季,2,41,羊肚菌,食用菌,食用菌,第二季,0.6,947.6690240873069,12358.342411295636,81.06267830638032,4053.8322052354542
2027,E7,普通大棚,第一季,1,24,青椒,蔬菜,第一季蔬菜,第一季,0.6,2870.104768288846,2475.8308831843683,6.76245793440574,2533.658849186832
2027,E7,普通大棚,第二季,2,40,白灵菇,食用菌,食用菌,第二季,0.6,9478.303297893195,12385.033444736648,13.907236060534629,17355.506148332403
2027,E8,普通大棚,第一季,1,20,土豆,蔬菜,第一季蔬菜,第一季,0.6,2287.9850373916875,2967.727982829129,4.718217178246096,29185.191937123815
2027,E8,普通大棚,第二季,2,38,榆黄菇,食用菌,食用菌,第二季,0.6,4774.560946916938,3716.9370163347508,50.01661028391326,8677.965109671763
2027,E9,普通大棚,第一季,1,30,生菜,蔬菜,第一季蔬菜,第一季,0.6,4744.848518964314,2479.622149147649,6.598605552621442,2763.796929320523
2027,E9,普通大棚,第二季,2,41,羊肚菌,食用菌,食用菌,第二季,0.6,947.6690240873069,12358.342411295636,81.06267830638032,4053.8322052354542
2027,E10,普通大棚,第一季,1,32,空心菜,蔬菜,第一季蔬菜,第一季,0.6,11397.88117499092,6190.745742642048,5.65551956454853,3492.659205044347
2027,E10,普通大棚,第二季,2,41,羊肚菌,食用菌,食用菌,第二季,0.6,947.6690240873069,12358.342411295636,81.06267830638032,4053.8322052354542
2027,E11,普通大棚,第一季,1,26,包菜,蔬菜,第一季蔬菜,第一季,0.6,4261.402675343738,4331.653216339594,8.176126739625667,3920.368005935893
2027,E11,普通大棚,第二季,2,41,羊肚菌,食用菌,食用菌,第二季,0.6,947.6690240873069,12358.342411295636,81.06267830638032,4053.8322052354542
2027,E12,普通大棚,第一季,1,17,豇豆,蔬菜（豆类）,第一季蔬菜,第一季,0.6,3431.920699938939,2965.861423609351,10.069359174844378,35378.11105484648
2027,E12,普通大棚,第二季,2,41,羊肚菌,食用菌,食用菌,第二季,0.6,947.6690240873069,12358.342411295636,81.06267830638032,4053.8322052354542
2027,E13,普通大棚,第一季,1,19,芸豆,蔬菜（豆类）,第一季蔬菜,第一季,0.6,3441.560154190911,2969.425467583872,8.185791231464723,6282.816929765534
2027,E13,普通大棚,第二季,2,41,羊肚菌,食用菌,食用菌,第二季,0.6,947.6690240873069,12358.342411295636,81.06267830638032,4053.8322052354542
2027,E14,普通大棚,第一季,1,22,茄子,蔬菜,第一季蔬菜,第一季,0.6,7632.322885905328,2968.9715842583673,6.91662213374554,44024.55557027044
2027,E14,普通大棚,第二季,2,40,白灵菇,食用菌,食用菌,第二季,0.6,9478.303297893195,12385.033444736648,13.907236060534629,17355.506148332403
2027,E15,普通大棚,第一季,1,17,豇豆,蔬菜（豆类）,第一季蔬菜,第一季,0.6,3431.920699938939,2965.861423609351,10.069359174844378,35378.11105484648
2027,E15,普通大棚,第二季,2,38,榆黄菇,食用菌,食用菌,第二季,0.6,4774.560946916938,3716.9370163347508,50.01661028391326,8677.965109671763
2027,E16,普通大棚,第一季,1,17,豇豆,蔬菜（豆类）,第一季蔬菜,第一季,0.6,3431.920699938939,2965.861423609351,10.069359174844378,35378.11105484648
2027,E16,普通大棚,第二季,2,40,白灵菇,食用菌,食用菌,第二季,0.6,9478.303297893195,12385.033444736648,13.907236060534629,17355.506148332403
2027,F1,智慧大棚,第一季,1,29,黄瓜,蔬菜,第一季蔬菜,第一季,0.6,14301.78704673736,4325.902785721639,8.81928242795799,12664.956422560133
2027,F1,智慧大棚,第二季,2,18,刀豆,蔬菜（豆类）,第一季蔬菜,第二季,0.6,2080.4402352261095,1631.757038066447,8.488461916461555,26032.05033671633
2027,F2,智慧大棚,第一季,1,25,菜花,蔬菜,第一季蔬菜,第一季,0.6,3791.598630201939,3712.4746794196635,6.922796214951589,3480.8631466712172
2027,F2,智慧大棚,第二季,2,18,刀豆,蔬菜（豆类）,第一季蔬菜,第二季,0.6,2080.4402352261095,1631.757038066447,8.488461916461555,26032.05033671633
2027,F3,智慧大棚,第一季,1,29,黄瓜,蔬菜,第一季蔬菜,第一季,0.6,14301.78704673736,4325.902785721639,8.81928242795799,12664.956422560133
2027,F3,智慧大棚,第二季,2,27,油麦菜,蔬菜,第一季蔬菜,第二季,0.6,4286.830240438845,2725.158294410504,6.302651317567554,4359.5255003246475
2027,F4,智慧大棚,第一季,1,31,辣椒,蔬菜,第一季蔬菜,第一季,0.6,1907.4242775166335,1483.8874216673712,9.12935153788214,1165.7494647228173
2027,F4,智慧大棚,第二季,2,27,油麦菜,蔬菜,第一季蔬菜,第二季,0.6,4286.830240438845,2725.158294410504,6.302651317567554,4359.5255003246475
2028,A1,平旱地,第一季,1,4,绿豆,粮食（豆类）,豆类粮食,单季,80.0,330.4802851547764,453.21614535629743,6.9386526540804,32032.63789822605
2028,A2,平旱地,第一季,1,1,黄豆,粮食（豆类）,豆类粮食,单季,55.0,377.49560458915994,517.828584819333,3.2192215941428044,55430.98833825197
2028,A3,平旱地,第一季,1,5,爬豆,粮食（豆类）,豆类粮食,单季,35.0,391.20881020174767,453.59064472196883,6.685298713347714,9581.426879340474
2028,A4,平旱地,第一季,1,8,谷子,粮食,杂粮薯类,单季,72.0,374.75758161899233,465.93018682447,6.685655220146837,68927.32492227932
2028,A5,平旱地,第一季,1,8,谷子,粮食,杂粮薯类,单季,68.0,374.75758161899233,465.93018682447,6.685655220146837,68927.32492227932
2028,A6,平旱地,第一季,1,1,黄豆,粮食（豆类）,豆类粮食,单季,55.0,377.49560458915994,517.828584819333,3.2192215941428044,55430.98833825197
2028,B1,梯田,第一季,1,7,玉米,粮食,主粮,单季,60.0,894.8724657325527,647.9576067210735,2.971101223974061,186143.70058333647
2028,B2,梯田,第一季,1,7,玉米,粮食,主粮,单季,46.0,894.8724657325527,647.9576067210735,2.971101223974061,186143.70058333647
2028,B3,梯田,第一季,1,7,玉米,粮食,主粮,单季,40.0,894.8724657325527,647.9576067210735,2.971101223974061,186143.70058333647
2028,B4,梯田,第一季,1,9,高粱,粮食,杂粮薯类,单季,28.0,564.390895987661,517.3607056032398,5.949759117206366,29124.581502776604
2028,B5,梯田,第一季,1,9,高粱,粮食,杂粮薯类,单季,25.0,564.390895987661,517.3607056032398,5.949759117206366,29124.581502776604
2028,B6,梯田,第一季,1,6,小麦,粮食,主粮,单季,86.0,716.5979856608905,582.949533753654,3.461087136475907,238926.56601168346
2028,B7,梯田,第一季,1,3,红豆,粮食（豆类）,豆类粮食,单季,55.0,359.0507050893993,453.46426281523327,8.176515486692876,21761.792451290108
2028,B8,梯田,第一季,1,6,小麦,粮食,主粮,单季,44.0,716.5979856608905,582.949533753654,3.461087136475907,238926.56601168346
2028,B9,梯田,第一季,1,6,小麦,粮食,主粮,单季,50.0,716.5979856608905,582.949533753654,3.461087136475907,238926.56601168346
2028,B10,梯田,第一季,1,2,黑豆,粮食（豆类）,豆类粮食,单季,25.0,445.68229679170497,518.0845769479292,7.422415841641994,21261.33554836779
2028,B11,梯田,第一季,1,6,小麦,粮食,主粮,单季,60.0,716.5979856608905,582.949533753654,3.461087136475907,238926.56601168346
2028,B12,梯田,第一季,1,3,红豆,粮食（豆类）,豆类粮食,单季,45.0,359.0507050893993,453.46426281523327,8.176515486692876,21761.792451290108
2028,B13,梯田,第一季,1,7,玉米,粮食,主粮,单季,35.0,894.8724657325527,647.9576067210735,2.971101223974061,186143.70058333647
2028,B14,梯田,第一季,1,4,绿豆,粮食（豆类）,豆类粮食,单季,20.0,310.6085064075549,453.68997540283493,6.9386526540804,32032.63789822605
2028,C1,山坡地,第一季,1,11,荞麦,粮食,杂粮薯类,单季,15.0,93.70496550731123,453.6802635810978,39.666314620306146,1454.0644840130467
2028,C2,山坡地,第一季,1,2,黑豆,粮食（豆类）,豆类粮食,单季,13.0,421.079513127615,517.6000653404171,7.422415841641994,21261.33554836779
2028,C3,山坡地,第一季,1,3,红豆,粮食（豆类）,豆类粮食,单季,15.0,338.9171846759566,452.9509598546595,8.176515486692876,21761.792451290108
2028,C4,山坡地,第一季,1,13,红薯,粮食,杂粮薯类,单季,18.0,1877.23671166198,2591.971355965344,3.216115899438633,34847.12406340516
2028,C5,山坡地,第一季,1,10,黍子,粮食,杂粮薯类,单季,27.0,446.1522433992593,465.6488374886425,7.436734354073405,12092.503629984654
2028,C6,山坡地,第一季,1,8,谷子,粮食,杂粮薯类,单季,20.0,336.39882965827076,466.07942734349876,6.685655220146837,68927.32492227932
2028,D1,水浇地,第一季,1,18,刀豆,蔬菜（豆类）,第一季蔬菜,第一季,15.0,1869.119897535969,1291.4446036094253,8.917862590337565,26070.420516987793
2028,D1,水浇地,第二季,2,36,白萝卜,蔬菜,第二季根茎类蔬菜,第二季,15.0,3747.201247831492,647.9646420202845,3.1492104066382454,96961.97184759362
2028,D2,水浇地,第一季,1,17,豇豆,蔬菜（豆类）,第一季蔬菜,第一季,10.0,2834.605760594671,2587.7718110800965,10.553950514014565,35385.04210713604
2028,D2,水浇地,第二季,2,36,白萝卜,蔬菜,第二季根茎类蔬菜,第二季,10.0,3747.201247831492,647.9646420202845,3.1492104066382454,96961.97184759362
2028,D3,水浇地,第一季,1,21,西红柿,蔬菜,第一季蔬菜,第一季,14.0,2253.8203947076827,2586.2984689891437,8.251576348552753,35164.1036689939
2028,D3,水浇地,第二季,2,35,大白菜,蔬菜,第二季根茎类蔬菜,第二季,14.0,4678.574070684607,2593.771202537721,3.1519101278132777,145484.17406292426
2028,D4,水浇地,第一季,1,17,豇豆,蔬菜（豆类）,第一季蔬菜,第一季,6.0,2834.605760594671,2587.7718110800965,10.553950514014565,35385.04210713604
2028,D4,水浇地,第二季,2,36,白萝卜,蔬菜,第二季根茎类蔬菜,第二季,6.0,3747.201247831492,647.9646420202845,3.1492104066382454,96961.97184759362
2028,D5,水浇地,第一季,1,20,土豆,蔬菜,第一季蔬菜,第一季,10.0,1871.5524618718582,2589.4825286313458,4.963317760020908,28975.743512514535
2028,D5,水浇地,第二季,2,35,大白菜,蔬菜,第二季根茎类蔬菜,第二季,10.0,4678.574070684607,2593.771202537721,3.1519101278132777,145484.17406292426
2028,D6,水浇地,第一季,1,28,小青菜,蔬菜,第一季蔬菜,第一季,12.0,2995.058237172915,2069.044437854683,7.5962775170831645,34370.798442340165
2028,D6,水浇地,第二季,2,35,大白菜,蔬菜,第二季根茎类蔬菜,第二季,12.0,4678.574070684607,2593.771202537721,3.1519101278132777,145484.17406292426
2028,D7,水浇地,第一季,1,18,刀豆,蔬菜（豆类）,第一季蔬菜,第一季,22.0,1869.119897535969,1291.4446036094253,8.917862590337565,26070.420516987793
2028,D7,水浇地,第二季,2,37,红萝卜,蔬菜,第二季根茎类蔬菜,第二季,22.0,2829.509624751705,647.2254310998728,4.096947666045874,34966.398647708644
2028,D8,水浇地,第一季,1,16,水稻,粮食,主粮,单季,20.0,471.915787437181,880.4664411582106,6.930065655914998,20302.450201292508
2028,E1,普通大棚,第一季,1,25,菜花,蔬菜,第一季蔬菜,第一季,0.6,3763.0803109140584,3887.821932592909,7.256196067170685,3487.2916868528205
2028,E1,普通大棚,第二季,2,38,榆黄菇,食用菌,食用菌,第二季,0.6,4723.984575324412,3878.021346333339,48.366347245994554,8688.407632391069
2028,E2,普通大棚,第一季,1,22,茄子,蔬菜,第一季蔬菜,第一季,0.6,7499.372035158024,3105.5615696183722,7.2731398501161015,43978.75873523899
2028,E2,普通大棚,第二季,2,41,羊肚菌,食用菌,食用菌,第二季,0.6,940.8352576040328,12951.107555532975,77.02894677487501,4075.011250445363
2028,E3,普通大棚,第一季,1,19,芸豆,蔬菜（豆类）,第一季蔬菜,第一季,0.6,3387.5175309936963,3104.0260654899007,8.58664480733313,6285.442907715537
2028,E3,普通大棚,第二季,2,41,羊肚菌,食用菌,食用菌,第二季,0.6,940.8352576040328,12951.107555532975,77.02894677487501,4075.011250445363
2028,E4,普通大棚,第一季,1,19,芸豆,蔬菜（豆类）,第一季蔬菜,第一季,0.6,3387.5175309936963,3104.0260654899007,8.58664480733313,6285.442907715537
2028,E4,普通大棚,第二季,2,41,羊肚菌,食用菌,食用菌,第二季,0.6,940.8352576040328,12951.107555532975,77.02894677487501,4075.011250445363
2028,E5,普通大棚,第一季,1,27,油麦菜,蔬菜,第一季蔬菜,第一季,0.6,4695.341850169174,2589.5776735961617,6.597639268551485,4360.534526561751
2028,E5,普通大棚,第二季,2,41,羊肚菌,食用菌,食用菌,第二季,0.6,940.8352576040328,12951.107555532975,77.02894677487501,4075.011250445363
2028,E6,普通大棚,第一季,1,31,辣椒,蔬菜,第一季蔬菜,第一季,0.6,1876.3881873643052,1553.73926816531,9.586650607628915,1163.7918428700193
2028,E6,普通大棚,第二季,2,40,白灵菇,食用菌,食用菌,第二季,0.6,9362.851628090491,12951.894537579667,13.489481653552541,17451.262811066787
2028,E7,普通大棚,第一季,1,22,茄子,蔬菜,第一季蔬菜,第一季,0.6,7499.372035158024,3105.5615696183722,7.2731398501161015,43978.75873523899
2028,E7,普通大棚,第二季,2,38,榆黄菇,食用菌,食用菌,第二季,0.6,4723.984575324412,3878.021346333339,48.366347245994554,8688.407632391069
2028,E8,普通大棚,第一季,1,24,青椒,蔬菜,第一季蔬菜,第一季,0.6,2827.011804304853,2584.3166701471914,7.083009729691266,2536.4391774671335
2028,E8,普通大棚,第二季,2,39,香菇,食用菌,食用菌,第二季,0.6,3752.9888454790007,2593.143130660193,16.023141388322536,6970.249011165529
2028,E9,普通大棚,第一季,1,22,茄子,蔬菜,第一季蔬菜,第一季,0.6,7499.372035158024,3105.5615696183722,7.2731398501161015,43978.75873523899
2028,E9,普通大棚,第二季,2,39,香菇,食用菌,食用菌,第二季,0.6,3752.9888454790007,2593.143130660193,16.023141388322536,6970.249011165529
2028,E10,普通大棚,第一季,1,22,茄子,蔬菜,第一季蔬菜,第一季,0.6,7499.372035158024,3105.5615696183722,7.2731398501161015,43978.75873523899
2028,E10,普通大棚,第二季,2,39,香菇,食用菌,食用菌,第二季,0.6,3752.9888454790007,2593.143130660193,16.023141388322536,6970.249011165529
2028,E11,普通大棚,第一季,1,22,茄子,蔬菜,第一季蔬菜,第一季,0.6,7499.372035158024,3105.5615696183722,7.2731398501161015,43978.75873523899
2028,E11,普通大棚,第二季,2,41,羊肚菌,食用菌,食用菌,第二季,0.6,940.8352576040328,12951.107555532975,77.02894677487501,4075.011250445363
2028,E12,普通大棚,第一季,1,32,空心菜,蔬菜,第一季蔬菜,第一季,0.6,11225.276512342609,6464.059090173288,5.942593682904016,3487.743971551985
2028,E12,普通大棚,第二季,2,40,白灵菇,食用菌,食用菌,第二季,0.6,9362.851628090491,12951.894537579667,13.489481653552541,17451.262811066787
2028,E13,普通大棚,第一季,1,19,芸豆,蔬菜（豆类）,第一季蔬菜,第一季,0.6,3387.5175309936963,3104.0260654899007,8.58664480733313,6285.442907715537
2028,E13,普通大棚,第二季,2,41,羊肚菌,食用菌,食用菌,第二季,0.6,940.8352576040328,12951.107555532975,77.02894677487501,4075.011250445363
2028,E14,普通大棚,第一季,1,17,豇豆,蔬菜（豆类）,第一季蔬菜,第一季,0.6,3382.1821621631702,3112.0581233795424,10.553950514014565,35385.04210713604
2028,E14,普通大棚,第二季,2,40,白灵菇,食用菌,食用菌,第二季,0.6,9362.851628090491,12951.894537579667,13.489481653552541,17451.262811066787
2028,E15,普通大棚,第一季,1,30,生菜,蔬菜,第一季蔬菜,第一季,0.6,4680.987051076386,2590.2565150253035,6.935542910658624,2761.787452222416
2028,E15,普通大棚,第二季,2,41,羊肚菌,食用菌,食用菌,第二季,0.6,940.8352576040328,12951.107555532975,77.02894677487501,4075.011250445363
2028,E16,普通大棚,第一季,1,22,茄子,蔬菜,第一季蔬菜,第一季,0.6,7499.372035158024,3105.5615696183722,7.2731398501161015,43978.75873523899
2028,E16,普通大棚,第二季,2,38,榆黄菇,食用菌,食用菌,第二季,0.6,4723.984575324412,3878.021346333339,48.366347245994554,8688.407632391069
2028,F1,智慧大棚,第一季,1,22,茄子,蔬菜,第一季蔬菜,第一季,0.6,7527.459606973228,3105.612720766456,7.2731398501161015,43978.75873523899
2028,F1,智慧大棚,第二季,2,29,黄瓜,蔬菜,第一季蔬菜,第二季,0.6,12739.902600537316,4984.203183791075,9.249421803363154,12689.325004955066
2028,F2,智慧大棚,第一季,1,22,茄子,蔬菜,第一季蔬菜,第一季,0.6,7527.459606973228,3105.612720766456,7.2731398501161015,43978.75873523899
2028,F2,智慧大棚,第二季,2,26,包菜,蔬菜,第一季蔬菜,第二季,0.6,3831.3529462040033,4980.249717732911,8.594089019147061,3920.7547626719115
2028,F3,智慧大棚,第一季,1,22,茄子,蔬菜,第一季蔬菜,第一季,0.6,7527.459606973228,3105.612720766456,7.2731398501161015,43978.75873523899
2028,F3,智慧大棚,第二季,2,29,黄瓜,蔬菜,第一季蔬菜,第二季,0.6,12739.902600537316,4984.203183791075,9.249421803363154,12689.325004955066
2028,F4,智慧大棚,第一季,1,22,茄子,蔬菜,第一季蔬菜,第一季,0.6,7527.459606973228,3105.612720766456,7.2731398501161015,43978.75873523899
2028,F4,智慧大棚,第二季,2,26,包菜,蔬菜,第一季蔬菜,第二季,0.6,3831.3529462040033,4980.249717732911,8.594089019147061,3920.7547626719115
2029,A1,平旱地,第一季,1,6,小麦,粮食,主粮,单季,80.0,756.6805270051411,613.0835274982426,3.46593991208516,256820.21731413144
2029,A2,平旱地,第一季,1,6,小麦,粮食,主粮,单季,55.0,756.6805270051411,613.0835274982426,3.46593991208516,256820.21731413144
2029,A3,平旱地,第一季,1,6,小麦,粮食,主粮,单季,35.0,756.6805270051411,613.0835274982426,3.46593991208516,256820.21731413144
2029,A4,平旱地,第一季,1,1,黄豆,粮食（豆类）,豆类粮食,单季,72.0,376.9309881596701,544.8351927199773,3.2204187363379213,55354.93571199674
2029,A5,平旱地,第一季,1,3,红豆,粮食（豆类）,豆类粮食,单季,68.0,378.26162548776324,477.43077777339835,8.179013605702231,21656.520125215615
2029,A6,平旱地,第一季,1,6,小麦,粮食,主粮,单季,55.0,756.6805270051411,613.0835274982426,3.46593991208516,256820.21731413144
2029,B1,梯田,第一季,1,8,谷子,粮食,杂粮薯类,单季,60.0,359.8402625427989,490.13763083124513,6.677902606705629,69038.45105211587
2029,B2,梯田,第一季,1,4,绿豆,粮食（豆类）,豆类粮食,单季,46.0,312.96068691779135,476.36048888715436,6.931894096750307,31981.374342473468
2029,B3,梯田,第一季,1,1,黄豆,粮食（豆类）,豆类粮食,单季,40.0,361.3457627653198,544.9500285206624,3.2204187363379213,55354.93571199674
2029,B4,梯田,第一季,1,1,黄豆,粮食（豆类）,豆类粮食,单季,28.0,361.3457627653198,544.9500285206624,3.2204187363379213,55354.93571199674
2029,B5,梯田,第一季,1,5,爬豆,粮食（豆类）,豆类粮食,单季,25.0,372.741947563492,476.10558865368,6.685741345820596,9574.600536589445
2029,B6,梯田,第一季,1,8,谷子,粮食,杂粮薯类,单季,86.0,359.8402625427989,490.13763083124513,6.677902606705629,69038.45105211587
2029,B7,梯田,第一季,1,7,玉米,粮食,主粮,单季,55.0,900.2922620893733,682.8507467870144,2.972308143804371,199889.54009357298
2029,B8,梯田,第一季,1,7,玉米,粮食,主粮,单季,44.0,900.2922620893733,682.8507467870144,2.972308143804371,199889.54009357298
2029,B9,梯田,第一季,1,7,玉米,粮食,主粮,单季,50.0,900.2922620893733,682.8507467870144,2.972308143804371,199889.54009357298
2029,B10,梯田,第一季,1,10,黍子,粮食,杂粮薯类,单季,25.0,471.35121474311904,490.35544885126086,7.42063566934703,12078.417216110154
2029,B11,梯田,第一季,1,4,绿豆,粮食（豆类）,豆类粮食,单季,60.0,312.96068691779135,476.36048888715436,6.931894096750307,31981.374342473468
2029,B12,梯田,第一季,1,7,玉米,粮食,主粮,单季,45.0,900.2922620893733,682.8507467870144,2.972308143804371,199889.54009357298
2029,B13,梯田,第一季,1,8,谷子,粮食,杂粮薯类,单季,35.0,359.8402625427989,490.13763083124513,6.677902606705629,69038.45105211587
2029,B14,梯田,第一季,1,7,玉米,粮食,主粮,单季,20.0,900.2922620893733,682.8507467870144,2.972308143804371,199889.54009357298
2029,C1,山坡地,第一季,1,13,红薯,粮食,杂粮薯类,单季,15.0,1874.4636522017433,2721.7595186691783,3.218253725163951,34724.21722076932
2029,C2,山坡地,第一季,1,12,南瓜,粮食,杂粮薯类,单季,13.0,2550.4739918650935,1361.6250439890662,1.4842442706954557,33906.190663904075
2029,C3,山坡地,第一季,1,11,荞麦,粮食,杂粮薯类,单季,15.0,94.62014258836645,476.77515929069546,39.572635526193686,1450.2350580488512
2029,C4,山坡地,第一季,1,2,黑豆,粮食（豆类）,豆类粮食,单季,18.0,423.7735443363668,545.0873251787722,7.427514650765238,21211.184014026865
2029,C5,山坡地,第一季,1,9,高粱,粮食,杂粮薯类,单季,27.0,538.3395351151423,544.9260036887433,5.940447231101839,28931.319979731234
2029,C6,山坡地,第一季,1,2,黑豆,粮食（豆类）,豆类粮食,单季,20.0,423.7735443363668,545.0873251787722,7.427514650765238,21211.184014026865
2029,D1,水浇地,第一季,1,21,西红柿,蔬菜,第一季蔬菜,第一季,15.0,2278.925713766615,2724.760306300575,8.657907980634382,34978.5013838367
2029,D1,水浇地,第二季,2,36,白萝卜,蔬菜,第二季根茎类蔬菜,第二季,15.0,3811.620231656031,682.20043493808,3.300708087417693,97083.93117003105
2029,D2,水浇地,第一季,1,28,小青菜,蔬菜,第一季蔬菜,第一季,10.0,3006.1084306862854,2182.06808568743,7.977461606994307,34472.098416710585
2029,D2,水浇地,第二季,2,36,白萝卜,蔬菜,第二季根茎类蔬菜,第二季,10.0,3811.620231656031,682.20043493808,3.300708087417693,97083.93117003105
2029,D3,水浇地,第一季,1,20,土豆,蔬菜,第一季蔬菜,第一季,14.0,1908.524563177672,2727.3810012453737,5.1973984049121436,29093.335135947702
2029,D3,水浇地,第二季,2,35,大白菜,蔬菜,第二季根茎类蔬菜,第二季,14.0,4724.071995888111,2722.0495207961067,3.305523419088001,145907.94336344686
2029,D4,水浇地,第一季,1,22,茄子,蔬菜,第一季蔬菜,第一季,6.0,6045.220907424507,2725.8244529028193,7.624336258162294,44066.28694304288
2029,D4,水浇地,第二季,2,37,红萝卜,蔬菜,第二季根茎类蔬菜,第二季,6.0,2856.0742622504135,680.8979420718804,4.297212959950017,34947.94664458571
2029,D5,水浇地,第一季,1,18,刀豆,蔬菜（豆类）,第一季蔬菜,第一季,10.0,1893.6453823248353,1361.7085888958995,9.361234063340442,26196.899396610264
2029,D5,水浇地,第二季,2,35,大白菜,蔬菜,第二季根茎类蔬菜,第二季,10.0,4724.071995888111,2722.0495207961067,3.305523419088001,145907.94336344686
2029,D6,水浇地,第一季,1,17,豇豆,蔬菜（豆类）,第一季蔬菜,第一季,12.0,2832.0968326291904,2726.6863289972644,11.105492822964212,35357.72577221002
2029,D6,水浇地,第二季,2,37,红萝卜,蔬菜,第二季根茎类蔬菜,第二季,12.0,2856.0742622504135,680.8979420718804,4.297212959950017,34947.94664458571
2029,D7,水浇地,第一季,1,16,水稻,粮食,主粮,单季,22.0,470.1341572942483,925.791600147638,6.92660489685441,20453.084414439818
2029,D8,水浇地,第一季,1,16,水稻,粮食,主粮,单季,20.0,470.1341572942483,925.791600147638,6.92660489685441,20453.084414439818
2029,E1,普通大棚,第一季,1,18,刀豆,蔬菜（豆类）,第一季蔬菜,第一季,0.6,2259.813302842993,1638.0850616368084,9.361234063340442,26196.899396610264
2029,E1,普通大棚,第二季,2,38,榆黄菇,食用菌,食用菌,第二季,0.6,4689.695866055214,4087.667377254737,46.8977273856069,8736.725344592536
2029,E2,普通大棚,第一季,1,32,空心菜,蔬菜,第一季蔬菜,第一季,0.6,11337.599299272306,6817.06663083343,6.248274262445245,3492.62690530394
2029,E2,普通大棚,第二季,2,40,白灵菇,食用菌,食用菌,第二季,0.6,9451.858396083864,13611.866972653574,13.053793603298784,17449.308403139992
2029,E3,普通大棚,第一季,1,22,茄子,蔬菜,第一季蔬菜,第一季,0.6,7533.526574859773,3271.584219992916,7.624336258162294,44066.28694304288
2029,E3,普通大棚,第二季,2,41,羊肚菌,食用菌,食用菌,第二季,0.6,942.2154175389819,13616.394023891118,73.17387543290202,4077.0138623771895
2029,E4,普通大棚,第一季,1,31,辣椒,蔬菜,第一季蔬菜,第一季,0.6,1886.3822093457031,1638.5677601351144,10.062581611239668,1162.3942165161006
2029,E4,普通大棚,第二季,2,38,榆黄菇,食用菌,食用菌,第二季,0.6,4689.695866055214,4087.667377254737,46.8977273856069,8736.725344592536
2029,E5,普通大棚,第一季,1,22,茄子,蔬菜,第一季蔬菜,第一季,0.6,7533.526574859773,3271.584219992916,7.624336258162294,44066.28694304288
2029,E5,普通大棚,第二季,2,41,羊肚菌,食用菌,食用菌,第二季,0.6,942.2154175389819,13616.394023891118,73.17387543290202,4077.0138623771895
2029,E6,普通大棚,第一季,1,26,包菜,蔬菜,第一季蔬菜,第一季,0.6,4254.393456134006,4768.813934381555,9.011029751558976,3920.0833181318176
2029,E6,普通大棚,第二季,2,40,白灵菇,食用菌,食用菌,第二季,0.6,9451.858396083864,13611.866972653574,13.053793603298784,17449.308403139992
2029,E7,普通大棚,第一季,1,19,芸豆,蔬菜（豆类）,第一季蔬菜,第一季,0.6,3400.727255051707,3270.4753898188696,9.000350779994648,6292.53525332242
2029,E7,普通大棚,第二季,2,41,羊肚菌,食用菌,食用菌,第二季,0.6,942.2154175389819,13616.394023891118,73.17387543290202,4077.0138623771895
2029,E8,普通大棚,第一季,1,19,芸豆,蔬菜（豆类）,第一季蔬菜,第一季,0.6,3400.727255051707,3270.4753898188696,9.000350779994648,6292.53525332242
2029,E8,普通大棚,第二季,2,38,榆黄菇,食用菌,食用菌,第二季,0.6,4689.695866055214,4087.667377254737,46.8977273856069,8736.725344592536
2029,E9,普通大棚,第一季,1,18,刀豆,蔬菜（豆类）,第一季蔬菜,第一季,0.6,2259.813302842993,1638.0850616368084,9.361234063340442,26196.899396610264
2029,E9,普通大棚,第二季,2,39,香菇,食用菌,食用菌,第二季,0.6,3755.125578054514,2724.7474990709784,15.51053956115023,6994.677102418384
2029,E10,普通大棚,第一季,1,19,芸豆,蔬菜（豆类）,第一季蔬菜,第一季,0.6,3400.727255051707,3270.4753898188696,9.000350779994648,6292.53525332242
2029,E10,普通大棚,第二季,2,41,羊肚菌,食用菌,食用菌,第二季,0.6,942.2154175389819,13616.394023891118,73.17387543290202,4077.0138623771895
2029,E11,普通大棚,第一季,1,17,豇豆,蔬菜（豆类）,第一季蔬菜,第一季,0.6,3419.4606588502775,3269.3536829972045,11.105492822964212,35357.72577221002
2029,E11,普通大棚,第二季,2,38,榆黄菇,食用菌,食用菌,第二季,0.6,4689.695866055214,4087.667377254737,46.8977273856069,8736.725344592536
2029,E12,普通大棚,第一季,1,27,油麦菜,蔬菜,第一季蔬菜,第一季,0.6,4726.205149828643,2729.235171112026,6.924576756452187,4353.0850552514785
2029,E12,普通大棚,第二季,2,41,羊肚菌,食用菌,食用菌,第二季,0.6,942.2154175389819,13616.394023891118,73.17387543290202,4077.0138623771895
2029,E13,普通大棚,第一季,1,28,小青菜,蔬菜,第一季蔬菜,第一季,0.6,3767.6075000430606,2727.074731963206,7.977461606994307,34472.098416710585
2029,E13,普通大棚,第二季,2,39,香菇,食用菌,食用菌,第二季,0.6,3755.125578054514,2724.7474990709784,15.51053956115023,6994.677102418384
2029,E14,普通大棚,第一季,1,30,生菜,蔬菜,第一季蔬菜,第一季,0.6,4742.4311517445,2726.6945547188543,7.280708891371732,2760.805284648804
2029,E14,普通大棚,第二季,2,41,羊肚菌,食用菌,食用菌,第二季,0.6,942.2154175389819,13616.394023891118,73.17387543290202,4077.0138623771895
2029,E15,普通大棚,第一季,1,28,小青菜,蔬菜,第一季蔬菜,第一季,0.6,3767.6075000430606,2727.074731963206,7.977461606994307,34472.098416710585
2029,E15,普通大棚,第二季,2,40,白灵菇,食用菌,食用菌,第二季,0.6,9451.858396083864,13611.866972653574,13.053793603298784,17449.308403139992
2029,E16,普通大棚,第一季,1,21,西红柿,蔬菜,第一季蔬菜,第一季,0.6,2841.6854593742673,3274.7507053829613,8.657907980634382,34978.5013838367
2029,E16,普通大棚,第二季,2,41,羊肚菌,食用菌,食用菌,第二季,0.6,942.2154175389819,13616.394023891118,73.17387543290202,4077.0138623771895
2029,F1,智慧大棚,第一季,1,24,青椒,蔬菜,第一季蔬菜,第一季,0.6,2836.046659559567,2725.576479660279,7.4387199271451925,2527.9786665045785
2029,F1,智慧大棚,第二季,2,26,包菜,蔬菜,第一季蔬菜,第二季,0.6,3840.6827277660836,5250.517746755453,9.011029751558976,3920.0833181318176
2029,F2,智慧大棚,第一季,1,29,黄瓜,蔬菜,第一季蔬菜,第一季,0.6,14170.61965569498,4770.143580129504,9.703439693866864,12660.055862256815
2029,F2,智慧大棚,第二季,2,33,黄心菜,蔬菜,第一季蔬菜,第二季,0.6,5122.703130711191,3753.8612251468303,6.244325776016686,1742.091683125247
2029,F3,智慧大棚,第一季,1,25,菜花,蔬菜,第一季蔬菜,第一季,0.6,3791.558971269026,4089.065326821113,7.62991663165506,3484.4850657483375
2029,F3,智慧大棚,第二季,2,18,刀豆,蔬菜（豆类）,第一季蔬菜,第二季,0.6,2073.4732696022065,1799.9267360000372,9.361234063340442,26196.899396610264
2029,F4,智慧大棚,第一季,1,29,黄瓜,蔬菜,第一季蔬菜,第一季,0.6,14170.61965569498,4770.143580129504,9.703439693866864,12660.055862256815
2029,F4,智慧大棚,第二季,2,18,刀豆,蔬菜（豆类）,第一季蔬菜,第二季,0.6,2073.4732696022065,1799.9267360000372,9.361234063340442,26196.899396610264
2030,A1,平旱地,第一季,1,7,玉米,粮食,主粮,单季,80.0,951.0562466256124,715.6218099219617,2.96482869738156,214719.64722038686
2030,A2,平旱地,第一季,1,7,玉米,粮食,主粮,单季,55.0,951.0562466256124,715.6218099219617,2.96482869738156,214719.64722038686
2030,A3,平旱地,第一季,1,7,玉米,粮食,主粮,单季,35.0,951.0562466256124,715.6218099219617,2.96482869738156,214719.64722038686
2030,A4,平旱地,第一季,1,6,小麦,粮食,主粮,单季,72.0,761.6412125469581,643.3198011007402,3.458785373112037,276121.3267040475
2030,A5,平旱地,第一季,1,6,小麦,粮食,主粮,单季,68.0,761.6412125469581,643.3198011007402,3.458785373112037,276121.3267040475
2030,A6,平旱地,第一季,1,7,玉米,粮食,主粮,单季,55.0,951.0562466256124,715.6218099219617,2.96482869738156,214719.64722038686
2030,B1,梯田,第一季,1,3,红豆,粮食（豆类）,豆类粮食,单季,60.0,360.25429928730534,499.99899974324507,8.171760581946279,21739.320772255887
2030,B2,梯田,第一季,1,6,小麦,粮食,主粮,单季,46.0,717.0492547098222,642.7443842505328,3.458785373112037,276121.3267040475
2030,B3,梯田,第一季,1,8,谷子,粮食,杂粮薯类,单季,40.0,358.1362038857779,514.606273732608,6.677145231938967,69316.28451675833
2030,B4,梯田,第一季,1,8,谷子,粮食,杂粮薯类,单季,28.0,358.1362038857779,514.606273732608,6.677145231938967,69316.28451675833
2030,B5,梯田,第一季,1,10,黍子,粮食,杂粮薯类,单季,25.0,476.5538920507067,514.7050358823989,7.411130820471369,12170.639240240422
2030,B6,梯田,第一季,1,1,黄豆,粮食（豆类）,豆类粮食,单季,86.0,362.23665384843923,571.7402172421865,3.2209418818101243,55257.52493672114
2030,B7,梯田,第一季,1,8,谷子,粮食,杂粮薯类,单季,55.0,358.1362038857779,514.606273732608,6.677145231938967,69316.28451675833
2030,B8,梯田,第一季,1,4,绿豆,粮食（豆类）,豆类粮食,单季,44.0,312.91459034780615,500.4250270456877,6.93226598747514,32056.522054207886
2030,B9,梯田,第一季,1,4,绿豆,粮食（豆类）,豆类粮食,单季,50.0,312.91459034780615,500.4250270456877,6.93226598747514,32056.522054207886
2030,B10,梯田,第一季,1,9,高粱,粮食,杂粮薯类,单季,25.0,564.9102080501999,571.4638127963198,5.938705331809264,29060.05927466132
2030,B11,梯田,第一季,1,6,小麦,粮食,主粮,单季,60.0,717.0492547098222,642.7443842505328,3.458785373112037,276121.3267040475
2030,B12,梯田,第一季,1,8,谷子,粮食,杂粮薯类,单季,45.0,358.1362038857779,514.606273732608,6.677145231938967,69316.28451675833
2030,B13,梯田,第一季,1,2,黑豆,粮食（豆类）,豆类粮食,单季,35.0,447.87671051707144,571.7191229026777,7.422382619683927,21191.30853644412
2030,B14,梯田,第一季,1,6,小麦,粮食,主粮,单季,20.0,717.0492547098222,642.7443842505328,3.458785373112037,276121.3267040475
2030,C1,山坡地,第一季,1,2,黑豆,粮食（豆类）,豆类粮食,单季,15.0,427.4607098654555,572.0843582278084,7.422382619683927,21191.30853644412
2030,C2,山坡地,第一季,1,13,红薯,粮食,杂粮薯类,单季,13.0,1895.0379933096444,2857.277635082355,3.21127705015718,34901.90510690111
2030,C3,山坡地,第一季,1,12,南瓜,粮食,杂粮薯类,单季,15.0,2553.9141748324632,1430.4952699358805,1.4840204339035956,34304.11828359832
2030,C4,山坡地,第一季,1,9,高粱,粮食,杂粮薯类,单季,18.0,542.7615340210607,572.4192610312052,5.938705331809264,29060.05927466132
2030,C5,山坡地,第一季,1,5,爬豆,粮食（豆类）,豆类粮食,单季,27.0,355.9489753432517,500.140365375243,6.680496603892858,9577.392183395614
2030,C6,山坡地,第一季,1,8,谷子,粮食,杂粮薯类,单季,20.0,342.03079472052394,515.525038326877,6.677145231938967,69316.28451675833
2030,D1,水浇地,第一季,1,21,西红柿,蔬菜,第一季蔬菜,第一季,15.0,2261.058358037625,2863.6635014570584,9.082543494692175,35079.06329667428
2030,D1,水浇地,第二季,2,35,大白菜,蔬菜,第二季根茎类蔬菜,第二季,15.0,4717.8642813694605,2850.66991572299,3.47069654568078,145776.5692910067
2030,D2,水浇地,第一季,1,20,土豆,蔬菜,第一季蔬菜,第一季,10.0,1883.5026533976293,2863.6342208417905,5.448623721036716,29033.528822405402
2030,D2,水浇地,第二季,2,37,红萝卜,蔬菜,第二季根茎类蔬菜,第二季,10.0,2832.960633926799,713.2797430253721,4.500975181697549,34838.19038787017
2030,D3,水浇地,第一季,1,17,豇豆,蔬菜（豆类）,第一季蔬菜,第一季,14.0,2841.9587825499448,2858.6972409672717,11.639546189480505,35296.790041779845
2030,D3,水浇地,第二季,2,37,红萝卜,蔬菜,第二季根茎类蔬菜,第二季,14.0,2832.960633926799,713.2797430253721,4.500975181697549,34838.19038787017
2030,D4,水浇地,第一季,1,22,茄子,蔬菜,第一季蔬菜,第一季,6.0,6111.639735528189,2855.640513305488,7.9941730231729125,44075.195567396775
2030,D4,水浇地,第二季,2,36,白萝卜,蔬菜,第二季根茎类蔬菜,第二季,6.0,3778.648992707076,714.0443809781488,3.4615085212770884,97034.89888092446
2030,D5,水浇地,第一季,1,16,水稻,粮食,主粮,单季,10.0,471.8363156199376,973.5165548625657,6.92225192513041,20361.574016163057
2030,D6,水浇地,第一季,1,28,小青菜,蔬菜,第一季蔬菜,第一季,12.0,3017.2414586150085,2288.402773612379,8.360579663063314,34354.46486535501
2030,D6,水浇地,第二季,2,35,大白菜,蔬菜,第二季根茎类蔬菜,第二季,12.0,4717.8642813694605,2850.66991572299,3.47069654568078,145776.5692910067
2030,D7,水浇地,第一季,1,16,水稻,粮食,主粮,单季,22.0,471.8363156199376,973.5165548625657,6.92225192513041,20361.574016163057
2030,D8,水浇地,第一季,1,18,刀豆,蔬菜（豆类）,第一季蔬菜,第一季,20.0,1898.8161798875299,1429.3927923352521,9.801379339628083,26052.624966644147
2030,D8,水浇地,第二季,2,36,白萝卜,蔬菜,第二季根茎类蔬菜,第二季,20.0,3778.648992707076,714.0443809781488,3.4615085212770884,97034.89888092446
2030,E1,普通大棚,第一季,1,30,生菜,蔬菜,第一季蔬菜,第一季,0.6,4775.517868700996,2862.6357295912658,7.620646489062732,2757.3072180377144
2030,E1,普通大棚,第二季,2,41,羊肚菌,食用菌,食用菌,第二季,0.6,951.0131422257484,14305.202732243028,69.44943875301841,4076.8434225446913
2030,E2,普通大棚,第一季,1,19,芸豆,蔬菜（豆类）,第一季蔬菜,第一季,0.6,3404.565885071758,3436.5096901932698,9.450943390734048,6277.378275444189
2030,E2,普通大棚,第二季,2,40,白灵菇,食用菌,食用菌,第二季,0.6,9465.50774565469,14310.032867177826,12.615875021394817,17477.802844562684
2030,E3,普通大棚,第一季,1,24,青椒,蔬菜,第一季蔬菜,第一季,0.6,2856.243530695573,2861.547898224091,7.802756487182725,2530.570280761367
2030,E3,普通大棚,第二季,2,40,白灵菇,食用菌,食用菌,第二季,0.6,9465.50774565469,14310.032867177826,12.615875021394817,17477.802844562684
2030,E4,普通大棚,第一季,1,26,包菜,蔬菜,第一季蔬菜,第一季,0.6,4243.54914527262,5005.909165970953,9.446532455097884,3925.9165057324553
2030,E4,普通大棚,第二季,2,41,羊肚菌,食用菌,食用菌,第二季,0.6,951.0131422257484,14305.202732243028,69.44943875301841,4076.8434225446913
2030,E5,普通大棚,第一季,1,19,芸豆,蔬菜（豆类）,第一季蔬菜,第一季,0.6,3404.565885071758,3436.5096901932698,9.450943390734048,6277.378275444189
2030,E5,普通大棚,第二季,2,41,羊肚菌,食用菌,食用菌,第二季,0.6,951.0131422257484,14305.202732243028,69.44943875301841,4076.8434225446913
2030,E6,普通大棚,第一季,1,17,豇豆,蔬菜（豆类）,第一季蔬菜,第一季,0.6,3405.999331962324,3434.5952425513888,11.639546189480505,35296.790041779845
2030,E6,普通大棚,第二季,2,38,榆黄菇,食用菌,食用菌,第二季,0.6,4757.460720730213,4291.236998255848,45.36129545140457,8762.58995223594
2030,E7,普通大棚,第一季,1,31,辣椒,蔬菜,第一季蔬菜,第一季,0.6,1914.6791026345436,1713.5049815275056,10.532753873854384,1162.5751461947596
2030,E7,普通大棚,第二季,2,41,羊肚菌,食用菌,食用菌,第二季,0.6,951.0131422257484,14305.202732243028,69.44943875301841,4076.8434225446913
2030,E8,普通大棚,第一季,1,22,茄子,蔬菜,第一季蔬菜,第一季,0.6,7586.511059637958,3422.6210373582308,7.9941730231729125,44075.195567396775
2030,E8,普通大棚,第二季,2,38,榆黄菇,食用菌,食用菌,第二季,0.6,4757.460720730213,4291.236998255848,45.36129545140457,8762.58995223594
2030,E9,普通大棚,第一季,1,21,西红柿,蔬菜,第一季蔬菜,第一季,0.6,2846.7423084071975,3433.1185251933334,9.082543494692175,35079.06329667428
2030,E9,普通大棚,第二季,2,40,白灵菇,食用菌,食用菌,第二季,0.6,9465.50774565469,14310.032867177826,12.615875021394817,17477.802844562684
2030,E10,普通大棚,第一季,1,24,青椒,蔬菜,第一季蔬菜,第一季,0.6,2856.243530695573,2861.547898224091,7.802756487182725,2530.570280761367
2030,E10,普通大棚,第二季,2,41,羊肚菌,食用菌,食用菌,第二季,0.6,951.0131422257484,14305.202732243028,69.44943875301841,4076.8434225446913
2030,E11,普通大棚,第一季,1,32,空心菜,蔬菜,第一季蔬菜,第一季,0.6,11322.28915067078,7146.602634920109,6.538859526429735,3483.5080553561897
2030,E11,普通大棚,第二季,2,39,香菇,食用菌,食用菌,第二季,0.6,3797.4424990993243,2859.661147686359,15.023292393172847,6984.356144088561
2030,E12,普通大棚,第一季,1,19,芸豆,蔬菜（豆类）,第一季蔬菜,第一季,0.6,3404.565885071758,3436.5096901932698,9.450943390734048,6277.378275444189
2030,E12,普通大棚,第二季,2,41,羊肚菌,食用菌,食用菌,第二季,0.6,951.0131422257484,14305.202732243028,69.44943875301841,4076.8434225446913
2030,E13,普通大棚,第一季,1,20,土豆,蔬菜,第一季蔬菜,第一季,0.6,2275.97945057643,3435.787061656481,5.448623721036716,29033.528822405402
2030,E13,普通大棚,第二季,2,38,榆黄菇,食用菌,食用菌,第二季,0.6,4757.460720730213,4291.236998255848,45.36129545140457,8762.58995223594
2030,E14,普通大棚,第一季,1,22,茄子,蔬菜,第一季蔬菜,第一季,0.6,7586.511059637958,3422.6210373582308,7.9941730231729125,44075.195567396775
2030,E14,普通大棚,第二季,2,41,羊肚菌,食用菌,食用菌,第二季,0.6,951.0131422257484,14305.202732243028,69.44943875301841,4076.8434225446913
2030,E15,普通大棚,第一季,1,18,刀豆,蔬菜（豆类）,第一季蔬菜,第一季,0.6,2276.8308522367784,1715.8802956285783,9.801379339628083,26052.624966644147
2030,E15,普通大棚,第二季,2,39,香菇,食用菌,食用菌,第二季,0.6,3797.4424990993243,2859.661147686359,15.023292393172847,6984.356144088561
2030,E16,普通大棚,第一季,1,18,刀豆,蔬菜（豆类）,第一季蔬菜,第一季,0.6,2276.8308522367784,1715.8802956285783,9.801379339628083,26052.624966644147
2030,E16,普通大棚,第二季,2,39,香菇,食用菌,食用菌,第二季,0.6,3797.4424990993243,2859.661147686359,15.023292393172847,6984.356144088561
2030,F1,智慧大棚,第一季,1,29,黄瓜,蔬菜,第一季蔬菜,第一季,0.6,14205.543542033576,4995.672017108968,10.1646641541269,12657.376827753546
2030,F1,智慧大棚,第二季,2,17,豇豆,蔬菜（豆类）,第一季蔬菜,第二季,0.6,3013.397340068041,3778.7654216179885,11.639546189480505,35296.790041779845
2030,F2,智慧大棚,第一季,1,17,豇豆,蔬菜（豆类）,第一季蔬菜,第一季,0.6,3407.396793113501,3438.7432819880237,11.639546189480505,35296.790041779845
2030,F2,智慧大棚,第二季,2,26,包菜,蔬菜,第一季蔬菜,第二季,0.6,3880.8558528984845,5507.3085407849,9.446532455097884,3925.9165057324553
2030,F3,智慧大棚,第一季,1,29,黄瓜,蔬菜,第一季蔬菜,第一季,0.6,14205.543542033576,4995.672017108968,10.1646641541269,12657.376827753546
2030,F3,智慧大棚,第二季,2,27,油麦菜,蔬菜,第一季蔬菜,第二季,0.6,4250.6321294542,3145.7680808259956,7.263196762210561,4373.497146325005
2030,F4,智慧大棚,第一季,1,25,菜花,蔬菜,第一季蔬菜,第一季,0.6,3777.8860783546565,4290.818840554898,8.002215200176442,3496.223309724699
2030,F4,智慧大棚,第二季,2,27,油麦菜,蔬菜,第一季蔬菜,第二季,0.6,4250.6321294542,3145.7680808259956,7.263196762210561,4373.497146325005
